<?xml version="1.0" encoding="UTF-8" ?>
<!DOCTYPE mapper PUBLIC "-//mybatis.org//DTD Mapper 3.0//EN" "http://mybatis.org/dtd/mybatis-3-mapper.dtd" >
<mapper namespace="com.online.taxi.mapper.CarDispatchDistributeSetMapper">
    <resultMap id="BaseResultMap" type="com.online.taxi.entity.CarDispatchDistributeSet">
        <id column="id" property="id" jdbcType="INTEGER"/>
        <result column="city_code" property="cityCode" jdbcType="VARCHAR"/>
        <result column="is_force_distribute" property="isForceDistribute" jdbcType="BIT"/>
        <result column="create_time" property="createTime" jdbcType="TIMESTAMP"/>
        <result column="update_time" property="updateTime" jdbcType="TIMESTAMP"/>
    </resultMap>
    <sql id="Base_Column_List">
        id, city_code, is_force_distribute, create_time, update_time
    </sql>
    <select id="getOpenedByCityCode" resultMap="BaseResultMap">
        select
        <include refid="Base_Column_List"/>
        from tbl_car_dispatch_distribute_set
        where city_code = #{cityCode} and is_force_distribute=1 limit 1
    </select>
    <select id="selectByPrimaryKey" resultMap="BaseResultMap" parameterType="java.lang.Integer">
        select
        <include refid="Base_Column_List"/>
        from tbl_car_dispatch_distribute_set
        where id = #{id,jdbcType=INTEGER}
    </select>
    <delete id="deleteByPrimaryKey" parameterType="java.lang.Integer">
        delete from tbl_car_dispatch_distribute_set
        where id = #{id,jdbcType=INTEGER}
    </delete>
    <insert id="insert" parameterType="com.online.taxi.entity.CarDispatchDistributeSet">
        insert into tbl_car_dispatch_distribute_set (id, city_code, is_force_distribute,
        create_time, update_time)
        values (#{id,jdbcType=INTEGER}, #{cityCode,jdbcType=VARCHAR}, #{isForceDistribute,jdbcType=BIT},
        #{createTime,jdbcType=TIMESTAMP}, #{updateTime,jdbcType=TIMESTAMP})
    </insert>
    <insert id="insertSelective" parameterType="com.online.taxi.entity.CarDispatchDistributeSet">
        insert into tbl_car_dispatch_distribute_set
        <trim prefix="(" suffix=")" suffixOverrides=",">
            <if test="id != null">
                id,
            </if>
            <if test="cityCode != null">
                city_code,
            </if>
            <if test="isForceDistribute != null">
                is_force_distribute,
            </if>
            <if test="createTime != null">
                create_time,
            </if>
            <if test="updateTime != null">
                update_time,
            </if>
        </trim>
        <trim prefix="values (" suffix=")" suffixOverrides=",">
            <if test="id != null">
                #{id,jdbcType=INTEGER},
            </if>
            <if test="cityCode != null">
                #{cityCode,jdbcType=VARCHAR},
            </if>
            <if test="isForceDistribute != null">
                #{isForceDistribute,jdbcType=BIT},
            </if>
            <if test="createTime != null">
                #{createTime,jdbcType=TIMESTAMP},
            </if>
            <if test="updateTime != null">
                #{updateTime,jdbcType=TIMESTAMP},
            </if>
        </trim>
    </insert>
    <update id="updateByPrimaryKeySelective" parameterType="com.online.taxi.entity.CarDispatchDistributeSet">
        update tbl_car_dispatch_distribute_set
        <set>
            <if test="cityCode != null">
                city_code = #{cityCode,jdbcType=VARCHAR},
            </if>
            <if test="isForceDistribute != null">
                is_force_distribute = #{isForceDistribute,jdbcType=BIT},
            </if>
            <if test="createTime != null">
                create_time = #{createTime,jdbcType=TIMESTAMP},
            </if>
            <if test="updateTime != null">
                update_time = #{updateTime,jdbcType=TIMESTAMP},
            </if>
        </set>
        where id = #{id,jdbcType=INTEGER}
    </update>
    <update id="updateByPrimaryKey" parameterType="com.online.taxi.entity.CarDispatchDistributeSet">
        update tbl_car_dispatch_distribute_set
        set city_code = #{cityCode,jdbcType=VARCHAR},
        is_force_distribute = #{isForceDistribute,jdbcType=BIT},
        create_time = #{createTime,jdbcType=TIMESTAMP},
        update_time = #{updateTime,jdbcType=TIMESTAMP}
        where id = #{id,jdbcType=INTEGER}
    </update>
</mapper>
