<?xml version="1.0" encoding="UTF-8"?>
<!DOCTYPE mapper PUBLIC "-//mybatis.org//DTD Mapper 3.0//EN" "http://mybatis.org/dtd/mybatis-3-mapper.dtd">
<mapper namespace="com.online.taxi.mapper.CarDispatchCapacitySetMapper">
    <resultMap id="BaseResultMap" type="com.online.taxi.entity.CarDispatchCapacitySet">
        <id column="id" jdbcType="INTEGER" property="id"/>
        <result column="city_code" jdbcType="VARCHAR" property="cityCode"/>
        <result column="car_service_period" jdbcType="VARCHAR" property="carServicePeriod"/>
        <result column="spare_driver_count" jdbcType="INTEGER" property="spareDriverCount"/>
        <result column="create_time" jdbcType="TIMESTAMP" property="createTime"/>
        <result column="update_time" jdbcType="TIMESTAMP" property="updateTime"/>
    </resultMap>
    <sql id="Base_Column_List">
        id, city_code, car_service_period, spare_driver_count, create_time,
        update_time
    </sql>

    <select id="getCarDispatchCapacitySetList" resultMap="BaseResultMap">
        select
        *
        from tbl_car_dispatch_capacity_set
        where city_code = #{cityCode}
    </select>
    <select id="getCarDispatchCapacitySet" resultMap="BaseResultMap">
        select
        <include refid="Base_Column_List"/>
        from tbl_car_dispatch_capacity_set
        where city_code = #{cityCode} and car_service_period=#{timeType} limit 1
    </select>
    
</mapper>
