<?xml version="1.0" encoding="UTF-8" ?>
<!DOCTYPE mapper PUBLIC "-//mybatis.org//DTD Mapper 3.0//EN" "http://mybatis.org/dtd/mybatis-3-mapper.dtd" >
<mapper namespace="com.online.taxi.mapper.ChargeRuleMapper">
    <resultMap id="BaseResultMap" type="com.online.taxi.entity.ChargeRule">
        <!--
          WARNING - @mbggenerated
          This element is automatically generated by MyBatis Generator, do not modify.
        -->
        <id column="id" property="id" jdbcType="INTEGER"/>
        <result column="city_code" property="cityCode" jdbcType="VARCHAR"/>
        <result column="service_type_id" property="serviceTypeId" jdbcType="INTEGER"/>
        <result column="channel_id" property="channelId" jdbcType="INTEGER"/>
        <result column="car_level_id" property="carLevelId" jdbcType="INTEGER"/>
        <result column="lowest_price" property="lowestPrice" jdbcType="DECIMAL"/>
        <result column="base_price" property="basePrice" jdbcType="DECIMAL"/>
        <result column="base_kilo" property="baseKilo" jdbcType="DOUBLE"/>
        <result column="base_minutes" property="baseMinutes" jdbcType="DOUBLE"/>
        <result column="per_kilo_price" property="perKiloPrice" jdbcType="DECIMAL"/>
        <result column="per_minute_price" property="perMinutePrice" jdbcType="DECIMAL"/>
        <result column="beyond_start_kilo" property="beyondStartKilo" jdbcType="DOUBLE"/>
        <result column="beyond_per_kilo_price" property="beyondPerKiloPrice" jdbcType="DECIMAL"/>
        <result column="night_start" property="nightStart" jdbcType="TIME"/>
        <result column="night_end" property="nightEnd" jdbcType="TIME"/>
        <result column="night_per_kilo_price" property="nightPerKiloPrice" jdbcType="DECIMAL"/>
        <result column="night_per_minute_price" property="nightPerMinutePrice" jdbcType="DECIMAL"/>
        <result column="effective_time" property="effectiveTime" jdbcType="TIMESTAMP"/>
        <result column="active_status" property="activeStatus" jdbcType="INTEGER"/>
        <result column="is_unuse" property="isUnuse" jdbcType="INTEGER"/>
        <result column="creator_id" property="creatorId" jdbcType="INTEGER"/>
        <result column="operator_id" property="operatorId" jdbcType="INTEGER"/>
        <result column="create_time" property="createTime" jdbcType="TIMESTAMP"/>
        <result column="update_time" property="updateTime" jdbcType="TIMESTAMP"/>
    </resultMap>
    <sql id="Base_Column_List">
        <!--
          WARNING - @mbggenerated
          This element is automatically generated by MyBatis Generator, do not modify.
        -->
        id, city_code, service_type_id, channel_id, car_level_id, lowest_price, base_price,
        base_kilo, base_minutes, per_kilo_price, per_minute_price, beyond_start_kilo, beyond_per_kilo_price,
        night_start, night_end, night_per_kilo_price, night_per_minute_price, effective_time,
        active_status, is_unuse, creator_id, operator_id, create_time, update_time
    </sql>
    <select id="getChargeRule" resultMap="BaseResultMap">
        select
        *
        from tbl_charge_rule
        where city_code = #{cityCode} and car_level_id = #{carLevel} and service_type_id = #{serviceTypeId} limit 1
    </select>

</mapper>
