<?xml version="1.0" encoding="UTF-8" ?>
<!DOCTYPE mapper PUBLIC "-//mybatis.org//DTD Mapper 3.0//EN" "http://mybatis.org/dtd/mybatis-3-mapper.dtd" >
<mapper namespace="com.online.taxi.mapper.DriverInfoMapper">
    <resultMap id="BaseResultMap" type="com.online.taxi.entity.DriverInfo">
        <!--
          WARNING - @mbggenerated
          This element is automatically generated by MyBatis Generator, do not modify.
        -->
        <id column="id" property="id" jdbcType="INTEGER"/>
        <result column="phone_number" property="phoneNumber" jdbcType="VARCHAR"/>
        <result column="driver_name" property="driverName" jdbcType="VARCHAR"/>
        <result column="register_time" property="registerTime" jdbcType="TIMESTAMP"/>
        <result column="balance" property="balance" jdbcType="DECIMAL"/>
        <result column="gender" property="gender" jdbcType="INTEGER"/>
        <result column="car_id" property="carId" jdbcType="INTEGER"/>
        <result column="is_following" property="isFollowing" jdbcType="INTEGER"/>
        <result column="work_status" property="workStatus" jdbcType="INTEGER"/>
        <result column="head_img" property="headImg" jdbcType="VARCHAR"/>
        <result column="city_code" property="cityCode" jdbcType="VARCHAR"/>
        <result column="bind_time" property="bindTime" jdbcType="TIMESTAMP"/>
        <result column="use_status" property="useStatus" jdbcType="INTEGER"/>
        <result column="cs_work_status" property="csWorkStatus" jdbcType="INTEGER"/>
        <result column="sign_status" property="signStatus" jdbcType="INTEGER"/>
        <result column="update_time" property="updateTime" jdbcType="TIMESTAMP"/>
    </resultMap>
    <sql id="Base_Column_List">
        <!--
          WARNING - @mbggenerated
          This element is automatically generated by MyBatis Generator, do not modify.
        -->
        id, phone_number, driver_name, register_time, balance, gender, car_id, is_following,
        work_status, head_img, city_code, bind_time, use_status, cs_work_status, sign_status,
        update_time
    </sql>
    <select id="getDriverEvaluateByDriverId" resultType="java.lang.Double">
        select AVG(grade) from tbl_evaluate_driver where driver_id=#{driverId}
    </select>
    <select id="getDriverOrderCount" resultType="java.lang.Integer">
        select count(*) from tbl_order where driver_id=#{driverId} and status
        <![CDATA[ > ]]> 2 and status <![CDATA[ < ]]> 7
    </select>
    <select id="countWorkDriver" resultType="java.lang.Integer">
        SELECT
        count(*)
        FROM
        tbl_driver_info AS driver
        LEFT JOIN tbl_car_info AS car ON driver.car_id = car.id
        WHERE
        driver.city_code = #{cityCode}
        AND driver.use_status = 1
        AND driver.sign_status = 1
        AND car.car_level_id = #{carType}
        AND driver.id NOT IN (
        SELECT DISTINCT
        driver_id
        FROM
        (
        SELECT
        t1.driver_id,
        date_add(
        t1.order_start_time,
        INTERVAL - t3.car_service_before_interval MINUTE
        ) AS time1,
        date_add(
        t1.order_start_time,
        INTERVAL t3.car_service_after_interval MINUTE
        ) AS time2
        FROM
        `tbl_order` AS t1
        LEFT JOIN tbl_order_rule_price AS t2 ON t1.id = t2.order_id
        AND t2.category = 0
        LEFT JOIN tbl_car_dispatch_distribute_interval_set AS t3 ON t3.city_code = t2.city_code
        AND t3.service_type_id = t2.service_type_id
        WHERE
        t1.STATUS <![CDATA[ > ]]> 1
        AND t1.STATUS <![CDATA[ < ]]> 7
        ) t
        where (#{startTime} <![CDATA[ >= ]]> t.time1 and #{startTime} <![CDATA[ < ]]> t.time2) or (#{endTime}
        <![CDATA[ > ]]> t.time1 and #{endTime} <![CDATA[ <= ]]> t.time2) or (#{startTime} <![CDATA[ <= ]]> t.time1 and
        #{endTime} <![CDATA[ >= ]]> t.time2)
        AND driver_id IS NOT NULL
        )
    </select>
    <select id="selectByCarId" resultMap="BaseResultMap">
        select * from tbl_driver_info where car_id = #{carId}
    </select>
    <select id="selectByPrimaryKey" resultMap="BaseResultMap" parameterType="java.lang.Integer">
        <!--
          WARNING - @mbggenerated
        -->
        select
        <include refid="Base_Column_List"/>
        from tbl_driver_info
        where id = #{id,jdbcType=INTEGER}
    </select>
    <delete id="deleteByPrimaryKey" parameterType="java.lang.Integer">
        <!--
          WARNING - @mbggenerated
          This element is automatically generated by MyBatis Generator, do not modify.
        -->
        delete from tbl_driver_info
        where id = #{id,jdbcType=INTEGER}
    </delete>
    <insert id="insert" parameterType="com.online.taxi.entity.DriverInfo" useGeneratedKeys="true"
            keyProperty="id">
        <!--
          WARNING - @mbggenerated
          This element is automatically generated by MyBatis Generator, do not modify.
        -->
        insert into tbl_driver_info (phone_number, driver_name, register_time,
        balance, gender, car_id,
        is_following, work_status, head_img,
        city_code, bind_time, use_status,
        cs_work_status, sign_status, update_time
        )
        values (#{phoneNumber,jdbcType=VARCHAR}, #{driverName,jdbcType=VARCHAR}, #{registerTime,jdbcType=TIMESTAMP},
        #{balance,jdbcType=DECIMAL}, #{gender,jdbcType=INTEGER}, #{carId,jdbcType=INTEGER},
        #{isFollowing,jdbcType=INTEGER}, #{workStatus,jdbcType=INTEGER}, #{headImg,jdbcType=VARCHAR},
        #{city_code,jdbcType=VARCHAR}, #{bindTime,jdbcType=TIMESTAMP}, #{useStatus,jdbcType=INTEGER},
        #{csWorkStatus,jdbcType=INTEGER}, #{signStatus,jdbcType=INTEGER}, #{updateTime,jdbcType=TIMESTAMP}
        )
    </insert>
    <insert id="insertSelective" parameterType="com.online.taxi.entity.DriverInfo" useGeneratedKeys="true"
            keyProperty="id">
        <!--
          WARNING - @mbggenerated
          This element is automatically generated by MyBatis Generator, do not modify.
        -->
        insert into tbl_driver_info
        <trim prefix="(" suffix=")" suffixOverrides=",">
            <if test="phoneNumber != null">
                phone_number,
            </if>
            <if test="driverName != null">
                driver_name,
            </if>
            <if test="registerTime != null">
                register_time,
            </if>
            <if test="balance != null">
                balance,
            </if>
            <if test="gender != null">
                gender,
            </if>
            <if test="carId != null">
                car_id,
            </if>
            <if test="isFollowing != null">
                is_following,
            </if>
            <if test="workStatus != null">
                work_status,
            </if>
            <if test="headImg != null">
                head_img,
            </if>
            <if test="cityCode != null">
                city_code,
            </if>
            <if test="bindTime != null">
                bind_time,
            </if>
            <if test="useStatus != null">
                use_status,
            </if>
            <if test="csWorkStatus != null">
                cs_work_status,
            </if>
            <if test="signStatus != null">
                sign_status,
            </if>
            <if test="updateTime != null">
                update_time,
            </if>
        </trim>
        <trim prefix="values (" suffix=")" suffixOverrides=",">
            <if test="phoneNumber != null">
                #{phoneNumber,jdbcType=VARCHAR},
            </if>
            <if test="driverName != null">
                #{driverName,jdbcType=VARCHAR},
            </if>
            <if test="registerTime != null">
                #{registerTime,jdbcType=TIMESTAMP},
            </if>
            <if test="balance != null">
                #{balance,jdbcType=DECIMAL},
            </if>
            <if test="gender != null">
                #{gender,jdbcType=INTEGER},
            </if>
            <if test="carId != null">
                #{carId,jdbcType=INTEGER},
            </if>
            <if test="isFollowing != null">
                #{isFollowing,jdbcType=INTEGER},
            </if>
            <if test="workStatus != null">
                #{workStatus,jdbcType=INTEGER},
            </if>
            <if test="headImg != null">
                #{headImg,jdbcType=VARCHAR},
            </if>
            <if test="cityCode != null">
                #{cityCode,jdbcType=VARCHAR},
            </if>
            <if test="bindTime != null">
                #{bindTime,jdbcType=TIMESTAMP},
            </if>
            <if test="useStatus != null">
                #{useStatus,jdbcType=INTEGER},
            </if>
            <if test="csWorkStatus != null">
                #{csWorkStatus,jdbcType=INTEGER},
            </if>
            <if test="signStatus != null">
                #{signStatus,jdbcType=INTEGER},
            </if>
            <if test="updateTime != null">
                #{updateTime,jdbcType=TIMESTAMP},
            </if>
        </trim>
    </insert>
    <update id="updateByPrimaryKeySelective" parameterType="com.online.taxi.entity.DriverInfo">
        <!--
          WARNING - @mbggenerated
          This element is automatically generated by MyBatis Generator, do not modify.
        -->
        update tbl_driver_info
        <set>
            <if test="phoneNumber != null">
                phone_number = #{phoneNumber,jdbcType=VARCHAR},
            </if>
            <if test="driverName != null">
                driver_name = #{driverName,jdbcType=VARCHAR},
            </if>
            <if test="registerTime != null">
                register_time = #{registerTime,jdbcType=TIMESTAMP},
            </if>
            <if test="balance != null">
                balance = #{balance,jdbcType=DECIMAL},
            </if>
            <if test="gender != null">
                gender = #{gender,jdbcType=INTEGER},
            </if>
            <if test="carId != null">
                car_id = #{carId,jdbcType=INTEGER},
            </if>
            <if test="isFollowing != null">
                is_following = #{isFollowing,jdbcType=INTEGER},
            </if>
            <if test="workStatus != null">
                work_status = #{workStatus,jdbcType=INTEGER},
            </if>
            <if test="headImg != null">
                head_img = #{headImg,jdbcType=VARCHAR},
            </if>
            <if test="cityCode != null">
                city_code = #{cityCode,jdbcType=VARCHAR},
            </if>
            <if test="bindTime != null">
                bind_time = #{bindTime,jdbcType=TIMESTAMP},
            </if>
            <if test="useStatus != null">
                use_status = #{useStatus,jdbcType=INTEGER},
            </if>
            <if test="csWorkStatus != null">
                cs_work_status = #{csWorkStatus,jdbcType=INTEGER},
            </if>
            <if test="signStatus != null">
                sign_status = #{signStatus,jdbcType=INTEGER},
            </if>
            <if test="updateTime != null">
                update_time = #{updateTime,jdbcType=TIMESTAMP},
            </if>
        </set>
        where id = #{id,jdbcType=INTEGER}
    </update>
    <update id="updateByPrimaryKey" parameterType="com.online.taxi.entity.DriverInfo">
        <!--
          WARNING - @mbggenerated
          This element is automatically generated by MyBatis Generator, do not modify.
        -->
        update tbl_driver_info
        set phone_number = #{phoneNumber,jdbcType=VARCHAR},
        driver_name = #{driverName,jdbcType=VARCHAR},
        register_time = #{registerTime,jdbcType=TIMESTAMP},
        balance = #{balance,jdbcType=DECIMAL},
        gender = #{gender,jdbcType=INTEGER},
        car_id = #{carId,jdbcType=INTEGER},
        is_following = #{isFollowing,jdbcType=INTEGER},
        work_status = #{workStatus,jdbcType=INTEGER},
        head_img = #{headImg,jdbcType=VARCHAR},
        city_code = #{cityCode,jdbcType=VARCHAR},
        bind_time = #{bindTime,jdbcType=TIMESTAMP},
        use_status = #{useStatus,jdbcType=INTEGER},
        cs_work_status = #{csWorkStatus,jdbcType=INTEGER},
        sign_status = #{signStatus,jdbcType=INTEGER},
        update_time = #{updateTime,jdbcType=TIMESTAMP}
        where id = #{id,jdbcType=INTEGER}
    </update>
</mapper>
