<?xml version="1.0" encoding="UTF-8" ?>
<!DOCTYPE mapper PUBLIC "-//mybatis.org//DTD Mapper 3.0//EN" "http://mybatis.org/dtd/mybatis-3-mapper.dtd" >
<mapper namespace="com.online.taxi.mapper.OrderRulePriceMapper" >
  <resultMap id="BaseResultMap" type="com.online.taxi.entity.OrderRulePrice" >
    <!--
      WARNING - @mbggenerated
      This element is automatically generated by MyBatis Generator, do not modify.
    -->
    <id column="id" property="id" jdbcType="INTEGER" />
    <result column="order_id" property="orderId" jdbcType="INTEGER" />
    <result column="category" property="category" jdbcType="VARCHAR" />
    <result column="total_price" property="totalPrice" jdbcType="DOUBLE" />
    <result column="total_distance" property="totalDistance" jdbcType="DOUBLE" />
    <result column="total_time" property="totalTime" jdbcType="DOUBLE" />
    <result column="city_code" property="cityCode" jdbcType="VARCHAR" />
    <result column="city_name" property="cityName" jdbcType="VARCHAR" />
    <result column="service_type_id" property="serviceTypeId" jdbcType="INTEGER" />
    <result column="service_type_name" property="serviceTypeName" jdbcType="VARCHAR" />
    <result column="channel_id" property="channelId" jdbcType="INTEGER" />
    <result column="channel_name" property="channelName" jdbcType="VARCHAR" />
    <result column="car_level_id" property="carLevelId" jdbcType="INTEGER" />
    <result column="car_level_name" property="carLevelName" jdbcType="VARCHAR" />
    <result column="base_price" property="basePrice" jdbcType="DOUBLE" />
    <result column="base_kilo" property="baseKilo" jdbcType="DOUBLE" />
    <result column="base_minute" property="baseMinute" jdbcType="DOUBLE" />
    <result column="lowest_price" property="lowestPrice" jdbcType="DOUBLE" />
    <result column="night_start" property="nightStart" jdbcType="TIME" />
    <result column="night_end" property="nightEnd" jdbcType="TIME" />
    <result column="night_per_kilo_price" property="nightPerKiloPrice" jdbcType="DOUBLE" />
    <result column="night_per_minute_price" property="nightPerMinutePrice" jdbcType="DOUBLE" />
    <result column="night_distance" property="nightDistance" jdbcType="DOUBLE" />
    <result column="night_time" property="nightTime" jdbcType="DOUBLE" />
    <result column="night_price" property="nightPrice" jdbcType="DOUBLE" />
    <result column="beyond_start_kilo" property="beyondStartKilo" jdbcType="DOUBLE" />
    <result column="beyond_per_kilo_price" property="beyondPerKiloPrice" jdbcType="DOUBLE" />
    <result column="beyond_distance" property="beyondDistance" jdbcType="DOUBLE" />
    <result column="beyond_price" property="beyondPrice" jdbcType="DOUBLE" />
    <result column="per_kilo_price" property="perKiloPrice" jdbcType="DOUBLE" />
    <result column="path" property="path" jdbcType="DOUBLE" />
    <result column="path_price" property="pathPrice" jdbcType="DOUBLE" />
    <result column="per_minute_price" property="perMinutePrice" jdbcType="DOUBLE" />
    <result column="duration" property="duration" jdbcType="DOUBLE" />
    <result column="duration_price" property="durationPrice" jdbcType="DOUBLE" />
    <result column="rest_duration" property="restDuration" jdbcType="DOUBLE" />
    <result column="rest_duration_price" property="restDurationPrice" jdbcType="DOUBLE" />
    <result column="rest_distance" property="restDistance" jdbcType="DOUBLE" />
    <result column="rest_distance_price" property="restDistancePrice" jdbcType="DOUBLE" />
    <result column="road_price" property="roadPrice" jdbcType="DOUBLE" />
    <result column="parking_price" property="parkingPrice" jdbcType="DOUBLE" />
    <result column="other_price" property="otherPrice" jdbcType="DOUBLE" />
    <result column="dynamic_discount_rate" property="dynamicDiscountRate" jdbcType="DOUBLE" />
    <result column="dynamic_discount" property="dynamicDiscount" jdbcType="DOUBLE" />
    <result column="supplement_price" property="supplementPrice" jdbcType="DOUBLE" />
    <result column="create_time" property="createTime" jdbcType="TIMESTAMP" />
    <result column="update_time" property="updateTime" jdbcType="TIMESTAMP" />
  </resultMap>
  <sql id="Base_Column_List" >
    <!--
      WARNING - @mbggenerated
      This element is automatically generated by MyBatis Generator, do not modify.
    -->
    id, order_id, category, total_price, total_distance, total_time, city_code, city_name,
    service_type_id, service_type_name, channel_id, channel_name, car_level_id, car_level_name,
    base_price, base_kilo, base_minute, lowest_price, night_start, night_end, night_per_kilo_price,
    night_per_minute_price, night_distance, night_time, night_price, beyond_start_kilo,
    beyond_per_kilo_price, beyond_distance, beyond_price, per_kilo_price, path, path_price,
    per_minute_price, duration, duration_price, rest_duration, rest_duration_price, rest_distance,
    rest_distance_price, road_price, parking_price, other_price, dynamic_discount_rate,
    dynamic_discount, supplement_price, create_time, update_time
  </sql>

  <select id="selectByOrderId" resultMap="BaseResultMap" parameterType="java.lang.Integer">
    select
    <include refid="Base_Column_List"/>
    from tbl_order_rule_price
    where order_id = #{orderId}
  </select>

  <select id="selectByPrimaryKey" resultMap="BaseResultMap" parameterType="java.lang.Integer" >
    <!--
      WARNING - @mbggenerated
      This element is automatically generated by MyBatis Generator, do not modify.
    -->
    select
    <include refid="Base_Column_List" />
    from tbl_order_rule_price
    where id = #{id,jdbcType=INTEGER}
  </select>
  <delete id="deleteByPrimaryKey" parameterType="java.lang.Integer" >
    <!--
      WARNING - @mbggenerated
      This element is automatically generated by MyBatis Generator, do not modify.
    -->
    delete from tbl_order_rule_price
    where id = #{id,jdbcType=INTEGER}
  </delete>
  <insert id="insert" parameterType="com.online.taxi.entity.OrderRulePrice" useGeneratedKeys="true" keyProperty="id" >
    <!--
      WARNING - @mbggenerated
      This element is automatically generated by MyBatis Generator, do not modify.
    -->
    insert into tbl_order_rule_price (order_id, category, total_price,
      total_distance, total_time, city_code,
      city_name, service_type_id, service_type_name,
      channel_id, channel_name, car_level_id,
      car_level_name, base_price, base_kilo,
      base_minute, lowest_price, night_start,
      night_end, night_per_kilo_price, night_per_minute_price,
      night_distance, night_time, night_price,
      beyond_start_kilo, beyond_per_kilo_price, beyond_distance,
      beyond_price, per_kilo_price, path,
      path_price, per_minute_price, duration,
      duration_price, rest_duration, rest_duration_price,
      rest_distance, rest_distance_price, road_price,
      parking_price, other_price, dynamic_discount_rate,
      dynamic_discount, supplement_price, create_time,
      update_time)
    values (#{orderId,jdbcType=INTEGER}, #{category,jdbcType=VARCHAR}, #{totalPrice,jdbcType=DOUBLE},
      #{totalDistance,jdbcType=DOUBLE}, #{totalTime,jdbcType=DOUBLE}, #{cityCode,jdbcType=VARCHAR},
      #{cityName,jdbcType=VARCHAR}, #{serviceTypeId,jdbcType=INTEGER}, #{serviceTypeName,jdbcType=VARCHAR},
      #{channelId,jdbcType=INTEGER}, #{channelName,jdbcType=VARCHAR}, #{carLevelId,jdbcType=INTEGER},
      #{carLevelName,jdbcType=VARCHAR}, #{basePrice,jdbcType=DOUBLE}, #{baseKilo,jdbcType=DOUBLE},
      #{baseMinute,jdbcType=DOUBLE}, #{lowestPrice,jdbcType=DOUBLE}, #{nightStart,jdbcType=TIME},
      #{nightEnd,jdbcType=TIME}, #{nightPerKiloPrice,jdbcType=DOUBLE}, #{nightPerMinutePrice,jdbcType=DOUBLE},
      #{nightDistance,jdbcType=DOUBLE}, #{nightTime,jdbcType=DOUBLE}, #{nightPrice,jdbcType=DOUBLE},
      #{beyondStartKilo,jdbcType=DOUBLE}, #{beyondPerKiloPrice,jdbcType=DOUBLE}, #{beyondDistance,jdbcType=DOUBLE},
      #{beyondPrice,jdbcType=DOUBLE}, #{perKiloPrice,jdbcType=DOUBLE}, #{path,jdbcType=DOUBLE},
      #{pathPrice,jdbcType=DOUBLE}, #{perMinutePrice,jdbcType=DOUBLE}, #{duration,jdbcType=DOUBLE},
      #{durationPrice,jdbcType=DOUBLE}, #{restDuration,jdbcType=DOUBLE}, #{restDurationPrice,jdbcType=DOUBLE},
      #{restDistance,jdbcType=DOUBLE}, #{restDistancePrice,jdbcType=DOUBLE}, #{roadPrice,jdbcType=DOUBLE},
      #{parkingPrice,jdbcType=DOUBLE}, #{otherPrice,jdbcType=DOUBLE}, #{dynamicDiscountRate,jdbcType=DOUBLE},
      #{dynamicDiscount,jdbcType=DOUBLE}, #{supplementPrice,jdbcType=DOUBLE}, #{createTime,jdbcType=TIMESTAMP},
      #{updateTime,jdbcType=TIMESTAMP})
  </insert>
  <insert id="insertSelective" parameterType="com.online.taxi.entity.OrderRulePrice" useGeneratedKeys="true" keyProperty="id" >
    <!--
      WARNING - @mbggenerated
      This element is automatically generated by MyBatis Generator, do not modify.
    -->
    insert into tbl_order_rule_price
    <trim prefix="(" suffix=")" suffixOverrides="," >
      <if test="orderId != null" >
        order_id,
      </if>
      <if test="category != null" >
        category,
      </if>
      <if test="totalPrice != null" >
        total_price,
      </if>
      <if test="totalDistance != null" >
        total_distance,
      </if>
      <if test="totalTime != null" >
        total_time,
      </if>
      <if test="cityCode != null" >
        city_code,
      </if>
      <if test="cityName != null" >
        city_name,
      </if>
      <if test="serviceTypeId != null" >
        service_type_id,
      </if>
      <if test="serviceTypeName != null" >
        service_type_name,
      </if>
      <if test="channelId != null" >
        channel_id,
      </if>
      <if test="channelName != null" >
        channel_name,
      </if>
      <if test="carLevelId != null" >
        car_level_id,
      </if>
      <if test="carLevelName != null" >
        car_level_name,
      </if>
      <if test="basePrice != null" >
        base_price,
      </if>
      <if test="baseKilo != null" >
        base_kilo,
      </if>
      <if test="baseMinute != null" >
        base_minute,
      </if>
      <if test="lowestPrice != null" >
        lowest_price,
      </if>
      <if test="nightStart != null" >
        night_start,
      </if>
      <if test="nightEnd != null" >
        night_end,
      </if>
      <if test="nightPerKiloPrice != null" >
        night_per_kilo_price,
      </if>
      <if test="nightPerMinutePrice != null" >
        night_per_minute_price,
      </if>
      <if test="nightDistance != null" >
        night_distance,
      </if>
      <if test="nightTime != null" >
        night_time,
      </if>
      <if test="nightPrice != null" >
        night_price,
      </if>
      <if test="beyondStartKilo != null" >
        beyond_start_kilo,
      </if>
      <if test="beyondPerKiloPrice != null" >
        beyond_per_kilo_price,
      </if>
      <if test="beyondDistance != null" >
        beyond_distance,
      </if>
      <if test="beyondPrice != null" >
        beyond_price,
      </if>
      <if test="perKiloPrice != null" >
        per_kilo_price,
      </if>
      <if test="path != null" >
        path,
      </if>
      <if test="pathPrice != null" >
        path_price,
      </if>
      <if test="perMinutePrice != null" >
        per_minute_price,
      </if>
      <if test="duration != null" >
        duration,
      </if>
      <if test="durationPrice != null" >
        duration_price,
      </if>
      <if test="restDuration != null" >
        rest_duration,
      </if>
      <if test="restDurationPrice != null" >
        rest_duration_price,
      </if>
      <if test="restDistance != null" >
        rest_distance,
      </if>
      <if test="restDistancePrice != null" >
        rest_distance_price,
      </if>
      <if test="roadPrice != null" >
        road_price,
      </if>
      <if test="parkingPrice != null" >
        parking_price,
      </if>
      <if test="otherPrice != null" >
        other_price,
      </if>
      <if test="dynamicDiscountRate != null" >
        dynamic_discount_rate,
      </if>
      <if test="dynamicDiscount != null" >
        dynamic_discount,
      </if>
      <if test="supplementPrice != null" >
        supplement_price,
      </if>
      <if test="createTime != null" >
        create_time,
      </if>
      <if test="updateTime != null" >
        update_time,
      </if>
    </trim>
    <trim prefix="values (" suffix=")" suffixOverrides="," >
      <if test="orderId != null" >
        #{orderId,jdbcType=INTEGER},
      </if>
      <if test="category != null" >
        #{category,jdbcType=VARCHAR},
      </if>
      <if test="totalPrice != null" >
        #{totalPrice,jdbcType=DOUBLE},
      </if>
      <if test="totalDistance != null" >
        #{totalDistance,jdbcType=DOUBLE},
      </if>
      <if test="totalTime != null" >
        #{totalTime,jdbcType=DOUBLE},
      </if>
      <if test="cityCode != null" >
        #{cityCode,jdbcType=VARCHAR},
      </if>
      <if test="cityName != null" >
        #{cityName,jdbcType=VARCHAR},
      </if>
      <if test="serviceTypeId != null" >
        #{serviceTypeId,jdbcType=INTEGER},
      </if>
      <if test="serviceTypeName != null" >
        #{serviceTypeName,jdbcType=VARCHAR},
      </if>
      <if test="channelId != null" >
        #{channelId,jdbcType=INTEGER},
      </if>
      <if test="channelName != null" >
        #{channelName,jdbcType=VARCHAR},
      </if>
      <if test="carLevelId != null" >
        #{carLevelId,jdbcType=INTEGER},
      </if>
      <if test="carLevelName != null" >
        #{carLevelName,jdbcType=VARCHAR},
      </if>
      <if test="basePrice != null" >
        #{basePrice,jdbcType=DOUBLE},
      </if>
      <if test="baseKilo != null" >
        #{baseKilo,jdbcType=DOUBLE},
      </if>
      <if test="baseMinute != null" >
        #{baseMinute,jdbcType=DOUBLE},
      </if>
      <if test="lowestPrice != null" >
        #{lowestPrice,jdbcType=DOUBLE},
      </if>
      <if test="nightStart != null" >
        #{nightStart,jdbcType=TIME},
      </if>
      <if test="nightEnd != null" >
        #{nightEnd,jdbcType=TIME},
      </if>
      <if test="nightPerKiloPrice != null" >
        #{nightPerKiloPrice,jdbcType=DOUBLE},
      </if>
      <if test="nightPerMinutePrice != null" >
        #{nightPerMinutePrice,jdbcType=DOUBLE},
      </if>
      <if test="nightDistance != null" >
        #{nightDistance,jdbcType=DOUBLE},
      </if>
      <if test="nightTime != null" >
        #{nightTime,jdbcType=DOUBLE},
      </if>
      <if test="nightPrice != null" >
        #{nightPrice,jdbcType=DOUBLE},
      </if>
      <if test="beyondStartKilo != null" >
        #{beyondStartKilo,jdbcType=DOUBLE},
      </if>
      <if test="beyondPerKiloPrice != null" >
        #{beyondPerKiloPrice,jdbcType=DOUBLE},
      </if>
      <if test="beyondDistance != null" >
        #{beyondDistance,jdbcType=DOUBLE},
      </if>
      <if test="beyondPrice != null" >
        #{beyondPrice,jdbcType=DOUBLE},
      </if>
      <if test="perKiloPrice != null" >
        #{perKiloPrice,jdbcType=DOUBLE},
      </if>
      <if test="path != null" >
        #{path,jdbcType=DOUBLE},
      </if>
      <if test="pathPrice != null" >
        #{pathPrice,jdbcType=DOUBLE},
      </if>
      <if test="perMinutePrice != null" >
        #{perMinutePrice,jdbcType=DOUBLE},
      </if>
      <if test="duration != null" >
        #{duration,jdbcType=DOUBLE},
      </if>
      <if test="durationPrice != null" >
        #{durationPrice,jdbcType=DOUBLE},
      </if>
      <if test="restDuration != null" >
        #{restDuration,jdbcType=DOUBLE},
      </if>
      <if test="restDurationPrice != null" >
        #{restDurationPrice,jdbcType=DOUBLE},
      </if>
      <if test="restDistance != null" >
        #{restDistance,jdbcType=DOUBLE},
      </if>
      <if test="restDistancePrice != null" >
        #{restDistancePrice,jdbcType=DOUBLE},
      </if>
      <if test="roadPrice != null" >
        #{roadPrice,jdbcType=DOUBLE},
      </if>
      <if test="parkingPrice != null" >
        #{parkingPrice,jdbcType=DOUBLE},
      </if>
      <if test="otherPrice != null" >
        #{otherPrice,jdbcType=DOUBLE},
      </if>
      <if test="dynamicDiscountRate != null" >
        #{dynamicDiscountRate,jdbcType=DOUBLE},
      </if>
      <if test="dynamicDiscount != null" >
        #{dynamicDiscount,jdbcType=DOUBLE},
      </if>
      <if test="supplementPrice != null" >
        #{supplementPrice,jdbcType=DOUBLE},
      </if>
      <if test="createTime != null" >
        #{createTime,jdbcType=TIMESTAMP},
      </if>
      <if test="updateTime != null" >
        #{updateTime,jdbcType=TIMESTAMP},
      </if>
    </trim>
  </insert>
  <update id="updateByPrimaryKeySelective" parameterType="com.online.taxi.entity.OrderRulePrice" >
    <!--
      WARNING - @mbggenerated
      This element is automatically generated by MyBatis Generator, do not modify.
    -->
    update tbl_order_rule_price
    <set >
      <if test="orderId != null" >
        order_id = #{orderId,jdbcType=INTEGER},
      </if>
      <if test="category != null" >
        category = #{category,jdbcType=VARCHAR},
      </if>
      <if test="totalPrice != null" >
        total_price = #{totalPrice,jdbcType=DOUBLE},
      </if>
      <if test="totalDistance != null" >
        total_distance = #{totalDistance,jdbcType=DOUBLE},
      </if>
      <if test="totalTime != null" >
        total_time = #{totalTime,jdbcType=DOUBLE},
      </if>
      <if test="cityCode != null" >
        city_code = #{cityCode,jdbcType=VARCHAR},
      </if>
      <if test="cityName != null" >
        city_name = #{cityName,jdbcType=VARCHAR},
      </if>
      <if test="serviceTypeId != null" >
        service_type_id = #{serviceTypeId,jdbcType=INTEGER},
      </if>
      <if test="serviceTypeName != null" >
        service_type_name = #{serviceTypeName,jdbcType=VARCHAR},
      </if>
      <if test="channelId != null" >
        channel_id = #{channelId,jdbcType=INTEGER},
      </if>
      <if test="channelName != null" >
        channel_name = #{channelName,jdbcType=VARCHAR},
      </if>
      <if test="carLevelId != null" >
        car_level_id = #{carLevelId,jdbcType=INTEGER},
      </if>
      <if test="carLevelName != null" >
        car_level_name = #{carLevelName,jdbcType=VARCHAR},
      </if>
      <if test="basePrice != null" >
        base_price = #{basePrice,jdbcType=DOUBLE},
      </if>
      <if test="baseKilo != null" >
        base_kilo = #{baseKilo,jdbcType=DOUBLE},
      </if>
      <if test="baseMinute != null" >
        base_minute = #{baseMinute,jdbcType=DOUBLE},
      </if>
      <if test="lowestPrice != null" >
        lowest_price = #{lowestPrice,jdbcType=DOUBLE},
      </if>
      <if test="nightStart != null" >
        night_start = #{nightStart,jdbcType=TIME},
      </if>
      <if test="nightEnd != null" >
        night_end = #{nightEnd,jdbcType=TIME},
      </if>
      <if test="nightPerKiloPrice != null" >
        night_per_kilo_price = #{nightPerKiloPrice,jdbcType=DOUBLE},
      </if>
      <if test="nightPerMinutePrice != null" >
        night_per_minute_price = #{nightPerMinutePrice,jdbcType=DOUBLE},
      </if>
      <if test="nightDistance != null" >
        night_distance = #{nightDistance,jdbcType=DOUBLE},
      </if>
      <if test="nightTime != null" >
        night_time = #{nightTime,jdbcType=DOUBLE},
      </if>
      <if test="nightPrice != null" >
        night_price = #{nightPrice,jdbcType=DOUBLE},
      </if>
      <if test="beyondStartKilo != null" >
        beyond_start_kilo = #{beyondStartKilo,jdbcType=DOUBLE},
      </if>
      <if test="beyondPerKiloPrice != null" >
        beyond_per_kilo_price = #{beyondPerKiloPrice,jdbcType=DOUBLE},
      </if>
      <if test="beyondDistance != null" >
        beyond_distance = #{beyondDistance,jdbcType=DOUBLE},
      </if>
      <if test="beyondPrice != null" >
        beyond_price = #{beyondPrice,jdbcType=DOUBLE},
      </if>
      <if test="perKiloPrice != null" >
        per_kilo_price = #{perKiloPrice,jdbcType=DOUBLE},
      </if>
      <if test="path != null" >
        path = #{path,jdbcType=DOUBLE},
      </if>
      <if test="pathPrice != null" >
        path_price = #{pathPrice,jdbcType=DOUBLE},
      </if>
      <if test="perMinutePrice != null" >
        per_minute_price = #{perMinutePrice,jdbcType=DOUBLE},
      </if>
      <if test="duration != null" >
        duration = #{duration,jdbcType=DOUBLE},
      </if>
      <if test="durationPrice != null" >
        duration_price = #{durationPrice,jdbcType=DOUBLE},
      </if>
      <if test="restDuration != null" >
        rest_duration = #{restDuration,jdbcType=DOUBLE},
      </if>
      <if test="restDurationPrice != null" >
        rest_duration_price = #{restDurationPrice,jdbcType=DOUBLE},
      </if>
      <if test="restDistance != null" >
        rest_distance = #{restDistance,jdbcType=DOUBLE},
      </if>
      <if test="restDistancePrice != null" >
        rest_distance_price = #{restDistancePrice,jdbcType=DOUBLE},
      </if>
      <if test="roadPrice != null" >
        road_price = #{roadPrice,jdbcType=DOUBLE},
      </if>
      <if test="parkingPrice != null" >
        parking_price = #{parkingPrice,jdbcType=DOUBLE},
      </if>
      <if test="otherPrice != null" >
        other_price = #{otherPrice,jdbcType=DOUBLE},
      </if>
      <if test="dynamicDiscountRate != null" >
        dynamic_discount_rate = #{dynamicDiscountRate,jdbcType=DOUBLE},
      </if>
      <if test="dynamicDiscount != null" >
        dynamic_discount = #{dynamicDiscount,jdbcType=DOUBLE},
      </if>
      <if test="supplementPrice != null" >
        supplement_price = #{supplementPrice,jdbcType=DOUBLE},
      </if>

      <if test="updateTime != null" >
        update_time = #{updateTime,jdbcType=TIMESTAMP},
      </if>
    </set>
    where id = #{id,jdbcType=INTEGER}
  </update>
  <update id="updateByPrimaryKey" parameterType="com.online.taxi.entity.OrderRulePrice" >
    <!--
      WARNING - @mbggenerated
      This element is automatically generated by MyBatis Generator, do not modify.
    -->
    update tbl_order_rule_price
    set order_id = #{orderId,jdbcType=INTEGER},
      category = #{category,jdbcType=VARCHAR},
      total_price = #{totalPrice,jdbcType=DOUBLE},
      total_distance = #{totalDistance,jdbcType=DOUBLE},
      total_time = #{totalTime,jdbcType=DOUBLE},
      city_code = #{cityCode,jdbcType=VARCHAR},
      city_name = #{cityName,jdbcType=VARCHAR},
      service_type_id = #{serviceTypeId,jdbcType=INTEGER},
      service_type_name = #{serviceTypeName,jdbcType=VARCHAR},
      channel_id = #{channelId,jdbcType=INTEGER},
      channel_name = #{channelName,jdbcType=VARCHAR},
      car_level_id = #{carLevelId,jdbcType=INTEGER},
      car_level_name = #{carLevelName,jdbcType=VARCHAR},
      base_price = #{basePrice,jdbcType=DOUBLE},
      base_kilo = #{baseKilo,jdbcType=DOUBLE},
      base_minute = #{baseMinute,jdbcType=DOUBLE},
      lowest_price = #{lowestPrice,jdbcType=DOUBLE},
      night_start = #{nightStart,jdbcType=TIME},
      night_end = #{nightEnd,jdbcType=TIME},
      night_per_kilo_price = #{nightPerKiloPrice,jdbcType=DOUBLE},
      night_per_minute_price = #{nightPerMinutePrice,jdbcType=DOUBLE},
      night_distance = #{nightDistance,jdbcType=DOUBLE},
      night_time = #{nightTime,jdbcType=DOUBLE},
      night_price = #{nightPrice,jdbcType=DOUBLE},
      beyond_start_kilo = #{beyondStartKilo,jdbcType=DOUBLE},
      beyond_per_kilo_price = #{beyondPerKiloPrice,jdbcType=DOUBLE},
      beyond_distance = #{beyondDistance,jdbcType=DOUBLE},
      beyond_price = #{beyondPrice,jdbcType=DOUBLE},
      per_kilo_price = #{perKiloPrice,jdbcType=DOUBLE},
      path = #{path,jdbcType=DOUBLE},
      path_price = #{pathPrice,jdbcType=DOUBLE},
      per_minute_price = #{perMinutePrice,jdbcType=DOUBLE},
      duration = #{duration,jdbcType=DOUBLE},
      duration_price = #{durationPrice,jdbcType=DOUBLE},
      rest_duration = #{restDuration,jdbcType=DOUBLE},
      rest_duration_price = #{restDurationPrice,jdbcType=DOUBLE},
      rest_distance = #{restDistance,jdbcType=DOUBLE},
      rest_distance_price = #{restDistancePrice,jdbcType=DOUBLE},
      road_price = #{roadPrice,jdbcType=DOUBLE},
      parking_price = #{parkingPrice,jdbcType=DOUBLE},
      other_price = #{otherPrice,jdbcType=DOUBLE},
      dynamic_discount_rate = #{dynamicDiscountRate,jdbcType=DOUBLE},
      dynamic_discount = #{dynamicDiscount,jdbcType=DOUBLE},
      supplement_price = #{supplementPrice,jdbcType=DOUBLE},
      update_time = #{updateTime,jdbcType=TIMESTAMP}
    where id = #{id,jdbcType=INTEGER}
  </update>
</mapper>
