<?xml version="1.0" encoding="UTF-8" ?>
<!DOCTYPE mapper PUBLIC "-//mybatis.org//DTD Mapper 3.0//EN" "http://mybatis.org/dtd/mybatis-3-mapper.dtd" >
<mapper namespace="com.online.taxi.mapper.TagInfoMapper" >
  <resultMap id="BaseResultMap" type="com.online.taxi.entity.TagInfo" >
    <!--
      WARNING - @mbggenerated
      This element is automatically generated by MyBatis Generator, do not modify.
    -->
    <id column="id" property="id" jdbcType="INTEGER" />
    <result column="tag_name" property="tagName" jdbcType="VARCHAR" />
    <result column="tag_img" property="tagImg" jdbcType="VARCHAR" />
    <result column="status" property="status" jdbcType="BIT" />
    <result column="operator_id" property="operatorId" jdbcType="INTEGER" />
    <result column="create_time" property="createTime" jdbcType="TIMESTAMP" />
    <result column="update_time" property="updateTime" jdbcType="TIMESTAMP" />
  </resultMap>
  <sql id="Base_Column_List" >
    <!--
      WARNING - @mbggenerated
      This element is automatically generated by MyBatis Generator, do not modify.
    -->
    id, tag_name, tag_img, status, operator_id, create_time, update_time
  </sql>
  <select id="selectByPrimaryKey" resultMap="BaseResultMap" parameterType="java.lang.Integer" >
    <!--
      WARNING - @mbggenerated
      This element is automatically generated by MyBatis Generator, do not modify.
    -->
    select 
    <include refid="Base_Column_List" />
    from tbl_tag_info
    where id = #{id,jdbcType=INTEGER}
  </select>
  <delete id="deleteByPrimaryKey" parameterType="java.lang.Integer" >
    <!--
      WARNING - @mbggenerated
      This element is automatically generated by MyBatis Generator, do not modify.
    -->
    delete from tbl_tag_info
    where id = #{id,jdbcType=INTEGER}
  </delete>
  <insert id="insert" parameterType="com.online.taxi.entity.TagInfo" useGeneratedKeys="true" keyProperty="id" >
    <!--
      WARNING - @mbggenerated
      This element is automatically generated by MyBatis Generator, do not modify.
    -->
    insert into tbl_tag_info (tag_name, tag_img, status, 
      operator_id, create_time, update_time
      )
    values (#{tagName,jdbcType=VARCHAR}, #{tagImg,jdbcType=VARCHAR}, #{status,jdbcType=BIT}, 
      #{operatorId,jdbcType=INTEGER}, #{createTime,jdbcType=TIMESTAMP}, #{updateTime,jdbcType=TIMESTAMP}
      )
  </insert>
  <insert id="insertSelective" parameterType="com.online.taxi.entity.TagInfo" useGeneratedKeys="true" keyProperty="id" >
    <!--
      WARNING - @mbggenerated
      This element is automatically generated by MyBatis Generator, do not modify.
    -->
    insert into tbl_tag_info
    <trim prefix="(" suffix=")" suffixOverrides="," >
      <if test="tagName != null" >
        tag_name,
      </if>
      <if test="tagImg != null" >
        tag_img,
      </if>
      <if test="status != null" >
        status,
      </if>
      <if test="operatorId != null" >
        operator_id,
      </if>
      <if test="createTime != null" >
        create_time,
      </if>
      <if test="updateTime != null" >
        update_time,
      </if>
    </trim>
    <trim prefix="values (" suffix=")" suffixOverrides="," >
      <if test="tagName != null" >
        #{tagName,jdbcType=VARCHAR},
      </if>
      <if test="tagImg != null" >
        #{tagImg,jdbcType=VARCHAR},
      </if>
      <if test="status != null" >
        #{status,jdbcType=BIT},
      </if>
      <if test="operatorId != null" >
        #{operatorId,jdbcType=INTEGER},
      </if>
      <if test="createTime != null" >
        #{createTime,jdbcType=TIMESTAMP},
      </if>
      <if test="updateTime != null" >
        #{updateTime,jdbcType=TIMESTAMP},
      </if>
    </trim>
  </insert>
  <update id="updateByPrimaryKeySelective" parameterType="com.online.taxi.entity.TagInfo" >
    <!--
      WARNING - @mbggenerated
      This element is automatically generated by MyBatis Generator, do not modify.
    -->
    update tbl_tag_info
    <set >
      <if test="tagName != null" >
        tag_name = #{tagName,jdbcType=VARCHAR},
      </if>
      <if test="tagImg != null" >
        tag_img = #{tagImg,jdbcType=VARCHAR},
      </if>
      <if test="status != null" >
        status = #{status,jdbcType=BIT},
      </if>
      <if test="operatorId != null" >
        operator_id = #{operatorId,jdbcType=INTEGER},
      </if>
      <if test="createTime != null" >
        create_time = #{createTime,jdbcType=TIMESTAMP},
      </if>
      <if test="updateTime != null" >
        update_time = #{updateTime,jdbcType=TIMESTAMP},
      </if>
    </set>
    where id = #{id,jdbcType=INTEGER}
  </update>
  <update id="updateByPrimaryKey" parameterType="com.online.taxi.entity.TagInfo" >
    <!--
      WARNING - @mbggenerated
      This element is automatically generated by MyBatis Generator, do not modify.
    -->
    update tbl_tag_info
    set tag_name = #{tagName,jdbcType=VARCHAR},
      tag_img = #{tagImg,jdbcType=VARCHAR},
      status = #{status,jdbcType=BIT},
      operator_id = #{operatorId,jdbcType=INTEGER},
      create_time = #{createTime,jdbcType=TIMESTAMP},
      update_time = #{updateTime,jdbcType=TIMESTAMP}
    where id = #{id,jdbcType=INTEGER}
  </update>
</mapper>