<?xml version="1.0" encoding="UTF-8" ?>
<!DOCTYPE mapper PUBLIC "-//mybatis.org//DTD Mapper 3.0//EN" "http://mybatis.org/dtd/mybatis-3-mapper.dtd" >
<mapper namespace="com.online.taxi.mapper.SecretVoiceRecordsMapper" >
  <resultMap id="BaseResultMap" type="com.online.taxi.entity.SecretVoiceRecords" >
    <!--
      WARNING - @mbggenerated
      This element is automatically generated by MyBatis Generator, do not modify.
    -->
    <id column="id" property="id" jdbcType="INTEGER" />
    <result column="call_id" property="callId" jdbcType="VARCHAR" />
    <result column="subs_id" property="subsId" jdbcType="VARCHAR" />
    <result column="call_time" property="callTime" jdbcType="TIMESTAMP" />
    <result column="flag" property="flag" jdbcType="INTEGER" />
    <result column="oss_download_url" property="ossDownloadUrl" jdbcType="VARCHAR" />
    <result column="create_time" property="createTime" jdbcType="TIMESTAMP" />
    <result column="update_time" property="updateTime" jdbcType="TIMESTAMP" />
  </resultMap>
  <sql id="Base_Column_List" >
    <!--
      WARNING - @mbggenerated
      This element is automatically generated by MyBatis Generator, do not modify.
    -->
    id, call_id, subs_id, call_time, flag, oss_download_url, create_time, update_time
  </sql>
  <select id="selectByPrimaryKey" resultMap="BaseResultMap" parameterType="java.lang.String" >
    <!--
      WARNING - @mbggenerated
      This element is automatically generated by MyBatis Generator, do not modify.
    -->
    select
    <include refid="Base_Column_List" />
    from tbl_secret_voice_records
    where call_id = #{callId,jdbcType=VARCHAR}
  </select>

  <select id="selectRecordsUrlIsNull" resultMap="BaseResultMap">
    <!--
      WARNING - @mbggenerated
      This element is automatically generated by MyBatis Generator, do not modify.
    -->
    select
    <include refid="Base_Column_List" />
    from tbl_secret_voice_records
    where flag = 0 and (oss_download_url is null or oss_download_url ='')
  </select>
  <delete id="deleteByPrimaryKey" parameterType="java.lang.Integer" >
    <!--
      WARNING - @mbggenerated
      This element is automatically generated by MyBatis Generator, do not modify.
    -->
    delete from tbl_secret_voice_records
    where id = #{id,jdbcType=INTEGER}
  </delete>
  <insert id="insert" parameterType="com.online.taxi.entity.SecretVoiceRecords" useGeneratedKeys="true" keyProperty="id" >
    <!--
      WARNING - @mbggenerated
      This element is automatically generated by MyBatis Generator, do not modify.
    -->
    insert into tbl_secret_voice_records (call_id, subs_id, call_time,
      flag, oss_download_url, create_time,
      update_time)
    values (#{callId,jdbcType=VARCHAR}, #{subsId,jdbcType=VARCHAR}, #{callTime,jdbcType=TIMESTAMP},
      #{flag,jdbcType=INTEGER}, #{ossDownloadUrl,jdbcType=VARCHAR}, #{createTime,jdbcType=TIMESTAMP},
      #{updateTime,jdbcType=TIMESTAMP})
  </insert>
  <insert id="insertSelective" parameterType="com.online.taxi.entity.SecretVoiceRecords" useGeneratedKeys="true" keyProperty="id" >
    <!--
      WARNING - @mbggenerated
      This element is automatically generated by MyBatis Generator, do not modify.
    -->
    insert into tbl_secret_voice_records
    <trim prefix="(" suffix=")" suffixOverrides="," >
      <if test="callId != null" >
        call_id,
      </if>
      <if test="subsId != null" >
        subs_id,
      </if>
      <if test="callTime != null" >
        call_time,
      </if>
      <if test="flag != null" >
        flag,
      </if>
      <if test="ossDownloadUrl != null" >
        oss_download_url,
      </if>
      <if test="createTime != null" >
        create_time,
      </if>
      <if test="updateTime != null" >
        update_time,
      </if>
    </trim>
    <trim prefix="values (" suffix=")" suffixOverrides="," >
      <if test="callId != null" >
        #{callId,jdbcType=VARCHAR},
      </if>
      <if test="subsId != null" >
        #{subsId,jdbcType=VARCHAR},
      </if>
      <if test="callTime != null" >
        #{callTime,jdbcType=TIMESTAMP},
      </if>
      <if test="flag != null" >
        #{flag,jdbcType=INTEGER},
      </if>
      <if test="ossDownloadUrl != null" >
        #{ossDownloadUrl,jdbcType=VARCHAR},
      </if>
      <if test="createTime != null" >
        #{createTime,jdbcType=TIMESTAMP},
      </if>
      <if test="updateTime != null" >
        #{updateTime,jdbcType=TIMESTAMP},
      </if>
    </trim>
  </insert>
  <update id="updateByPrimaryKeySelective" parameterType="com.online.taxi.entity.SecretVoiceRecords" >
    <!--
      WARNING - @mbggenerated
      This element is automatically generated by MyBatis Generator, do not modify.
    -->
    update tbl_secret_voice_records
    <set >
      <if test="callId != null" >
        call_id = #{callId,jdbcType=VARCHAR},
      </if>
      <if test="subsId != null" >
        subs_id = #{subsId,jdbcType=VARCHAR},
      </if>
      <if test="callTime != null" >
        call_time = #{callTime,jdbcType=TIMESTAMP},
      </if>
      <if test="flag != null" >
        flag = #{flag,jdbcType=INTEGER},
      </if>
      <if test="ossDownloadUrl != null" >
        oss_download_url = #{ossDownloadUrl,jdbcType=VARCHAR},
      </if>
      <if test="updateTime != null" >
        update_time = #{updateTime,jdbcType=TIMESTAMP},
      </if>
    </set>
    where id = #{id,jdbcType=INTEGER}
  </update>
  <update id="updateByPrimaryKey" parameterType="com.online.taxi.entity.SecretVoiceRecords" >
    <!--
      WARNING - @mbggenerated
      This element is automatically generated by MyBatis Generator, do not modify.
    -->
    update tbl_secret_voice_records
    set call_id = #{callId,jdbcType=VARCHAR},
      subs_id = #{subsId,jdbcType=VARCHAR},
      call_time = #{callTime,jdbcType=TIMESTAMP},
      flag = #{flag,jdbcType=INTEGER},
      oss_download_url = #{ossDownloadUrl,jdbcType=VARCHAR},
      update_time = #{updateTime,jdbcType=TIMESTAMP}
    where id = #{id,jdbcType=INTEGER}
  </update>
</mapper>
