<?xml version="1.0" encoding="UTF-8" ?>
<!DOCTYPE mapper PUBLIC "-//mybatis.org//DTD Mapper 3.0//EN" "http://mybatis.org/dtd/mybatis-3-mapper.dtd" >
<mapper namespace="com.online.taxi.mapper.CarBaseInfoMapper" >
  <resultMap id="BaseResultMap" type="com.online.taxi.entity.CarBaseInfo" >
    <!--
      WARNING - @mbggenerated
      This element is automatically generated by MyBatis Generator, do not modify.
    -->
    <id column="id" property="id" jdbcType="INTEGER" />
    <result column="company_logo" property="companyLogo" jdbcType="VARCHAR" />
    <result column="car_label" property="carLabel" jdbcType="VARCHAR" />
    <result column="car_base_type" property="carBaseType" jdbcType="VARCHAR" />
    <result column="car_owner" property="carOwner" jdbcType="VARCHAR" />
    <result column="plate_color" property="plateColor" jdbcType="VARCHAR" />
    <result column="engine_number" property="engineNumber" jdbcType="VARCHAR" />
    <result column="vin_number" property="vinNumber" jdbcType="VARCHAR" />
    <result column="register_time" property="registerTime" jdbcType="DATE" />
    <result column="fuel_type" property="fuelType" jdbcType="VARCHAR" />
    <result column="engine_capacity" property="engineCapacity" jdbcType="VARCHAR" />
    <result column="car_img_file_number" property="carImgFileNumber" jdbcType="VARCHAR" />
    <result column="transport_number" property="transportNumber" jdbcType="VARCHAR" />
    <result column="transport_issuing_authority" property="transportIssuingAuthority" jdbcType="VARCHAR" />
    <result column="business_area" property="businessArea" jdbcType="VARCHAR" />
    <result column="transport_certificate_validity_start" property="transportCertificateValidityStart" jdbcType="DATE" />
    <result column="transport_certificate_validity_end" property="transportCertificateValidityEnd" jdbcType="DATE" />
    <result column="first_register_time" property="firstRegisterTime" jdbcType="DATE" />
    <result column="state_of_repair" property="stateOfRepair" jdbcType="VARCHAR" />
    <result column="next_annual_inspection_time" property="nextAnnualInspectionTime" jdbcType="DATE" />
    <result column="annual_audit_status" property="annualAuditStatus" jdbcType="VARCHAR" />
    <result column="invoice_printing_equipment_number" property="invoicePrintingEquipmentNumber" jdbcType="VARCHAR" />
    <result column="gps_brand" property="gpsBrand" jdbcType="VARCHAR" />
    <result column="gps_model" property="gpsModel" jdbcType="VARCHAR" />
    <result column="gps_imei" property="gpsImei" jdbcType="VARCHAR" />
    <result column="gps_install_time" property="gpsInstallTime" jdbcType="DATE" />
    <result column="report_time" property="reportTime" jdbcType="DATE" />
    <result column="service_type" property="serviceType" jdbcType="VARCHAR" />
    <result column="charge_type_code" property="chargeTypeCode" jdbcType="VARCHAR" />
    <result column="car_invoice_img" property="carInvoiceImg" jdbcType="VARCHAR" />
    <result column="quality_certificate_img" property="qualityCertificateImg" jdbcType="VARCHAR" />
    <result column="vehicle_license_img" property="vehicleLicenseImg" jdbcType="VARCHAR" />
    <result column="registration_certificate_img" property="registrationCertificateImg" jdbcType="VARCHAR" />
    <result column="tax_payment_certificate_img" property="taxPaymentCertificateImg" jdbcType="VARCHAR" />
    <result column="transport_certificate_img" property="transportCertificateImg" jdbcType="VARCHAR" />
    <result column="other_img1" property="otherImg1" jdbcType="VARCHAR" />
    <result column="other_img2" property="otherImg2" jdbcType="VARCHAR" />
    <result column="create_time" property="createTime" jdbcType="TIMESTAMP" />

  </resultMap>
  <sql id="Base_Column_List" >
    <!--
      WARNING - @mbggenerated
      This element is automatically generated by MyBatis Generator, do not modify.
    -->
    id, company_logo, car_label, car_base_type, car_owner, plate_color, engine_number,
    vin_number, register_time, fuel_type, engine_capacity,
    car_img_file_number, transport_number, transport_issuing_authority, business_area,
    transport_certificate_validity_start, transport_certificate_validity_end, first_register_time,
    state_of_repair, next_annual_inspection_time, annual_audit_status, invoice_printing_equipment_number,
    gps_brand, gps_model, gps_imei, gps_install_time, report_time, service_type, charge_type_code,
    car_invoice_img, quality_certificate_img, vehicle_license_img, registration_certificate_img,
    tax_payment_certificate_img, transport_certificate_img, other_img1, other_img2,create_time
  </sql>
  <select id="selectByPrimaryKey" resultMap="BaseResultMap" parameterType="java.lang.Integer" >
    <!--
      WARNING - @mbggenerated
      This element is automatically generated by MyBatis Generator, do not modify.
    -->
    select
    <include refid="Base_Column_List" />
    from tbl_car_base_info
    where id = #{id,jdbcType=INTEGER}
  </select>
  <delete id="deleteByPrimaryKey" parameterType="java.lang.Integer" >
    <!--
      WARNING - @mbggenerated
      This element is automatically generated by MyBatis Generator, do not modify.
    -->
    delete from tbl_car_base_info
    where id = #{id,jdbcType=INTEGER}
  </delete>
  <insert id="insert" parameterType="com.online.taxi.entity.CarBaseInfo" useGeneratedKeys="true" keyProperty="id" >
    <!--
      WARNING - @mbggenerated
      This element is automatically generated by MyBatis Generator, do not modify.
    -->
    insert into tbl_car_base_info (company_logo, car_label, car_base_type,
      car_owner, plate_color, engine_number,
      vin_number,
      register_time, fuel_type, engine_capacity,
      car_img_file_number, transport_number, transport_issuing_authority,
      business_area, transport_certificate_validity_start,
      transport_certificate_validity_end, first_register_time,
      state_of_repair, next_annual_inspection_time, annual_audit_status,
      invoice_printing_equipment_number, gps_brand,
      gps_model, gps_imei, gps_install_time,
      report_time, service_type, charge_type_code,
      car_invoice_img, quality_certificate_img, vehicle_license_img,
      registration_certificate_img, tax_payment_certificate_img,
      transport_certificate_img, other_img1, other_img2, create_time,
      )
    values (#{companyLogo,jdbcType=VARCHAR}, #{carLabel,jdbcType=VARCHAR}, #{carBaseType,jdbcType=VARCHAR},
      #{carOwner,jdbcType=VARCHAR}, #{plateColor,jdbcType=VARCHAR}, #{engineNumber,jdbcType=VARCHAR},
      #{vinNumber,jdbcType=VARCHAR},
      #{registerTime,jdbcType=DATE}, #{fuelType,jdbcType=VARCHAR}, #{engineCapacity,jdbcType=VARCHAR},
      #{carImgFileNumber,jdbcType=VARCHAR}, #{transportNumber,jdbcType=VARCHAR}, #{transportIssuingAuthority,jdbcType=VARCHAR},
      #{businessArea,jdbcType=VARCHAR}, #{transportCertificateValidityStart,jdbcType=DATE},
      #{transportCertificateValidityEnd,jdbcType=DATE}, #{firstRegisterTime,jdbcType=DATE},
      #{stateOfRepair,jdbcType=VARCHAR}, #{nextAnnualInspectionTime,jdbcType=DATE}, #{annualAuditStatus,jdbcType=VARCHAR},
      #{invoicePrintingEquipmentNumber,jdbcType=VARCHAR}, #{gpsBrand,jdbcType=VARCHAR},
      #{gpsModel,jdbcType=VARCHAR}, #{gpsImei,jdbcType=VARCHAR}, #{gpsInstallTime,jdbcType=DATE},
      #{reportTime,jdbcType=DATE}, #{serviceType,jdbcType=VARCHAR}, #{chargeTypeCode,jdbcType=VARCHAR},
      #{carInvoiceImg,jdbcType=VARCHAR}, #{qualityCertificateImg,jdbcType=VARCHAR}, #{vehicleLicenseImg,jdbcType=VARCHAR},
      #{registrationCertificateImg,jdbcType=VARCHAR}, #{taxPaymentCertificateImg,jdbcType=VARCHAR},
      #{transportCertificateImg,jdbcType=VARCHAR}, #{otherImg1,jdbcType=VARCHAR}, #{otherImg2,jdbcType=VARCHAR}, #{createTime,jdbcType=TIMESTAMP}
      )
  </insert>
  <insert id="insertSelective" parameterType="com.online.taxi.entity.CarBaseInfo" useGeneratedKeys="true" keyProperty="id" >
    <!--
      WARNING - @mbggenerated
      This element is automatically generated by MyBatis Generator, do not modify.
    -->
    insert into tbl_car_base_info
    <trim prefix="(" suffix=")" suffixOverrides="," >
      <if test="id != null">
        id,
      </if>
      <if test="companyLogo != null" >
        company_logo,
      </if>
      <if test="carLabel != null" >
        car_label,
      </if>
      <if test="carBaseType != null" >
        car_base_type,
      </if>
      <if test="carOwner != null" >
        car_owner,
      </if>
      <if test="plateColor != null" >
        plate_color,
      </if>
      <if test="engineNumber != null" >
        engine_number,
      </if>
      <if test="vinNumber != null" >
        vin_number,
      </if>
      <if test="registerTime != null" >
        register_time,
      </if>
      <if test="fuelType != null" >
        fuel_type,
      </if>
      <if test="engineCapacity != null" >
        engine_capacity,
      </if>
      <if test="carImgFileNumber != null" >
        car_img_file_number,
      </if>
      <if test="transportNumber != null" >
        transport_number,
      </if>
      <if test="transportIssuingAuthority != null" >
        transport_issuing_authority,
      </if>
      <if test="businessArea != null" >
        business_area,
      </if>
      <if test="transportCertificateValidityStart != null" >
        transport_certificate_validity_start,
      </if>
      <if test="transportCertificateValidityEnd != null" >
        transport_certificate_validity_end,
      </if>
      <if test="firstRegisterTime != null" >
        first_register_time,
      </if>
      <if test="stateOfRepair != null" >
        state_of_repair,
      </if>
      <if test="nextAnnualInspectionTime != null" >
        next_annual_inspection_time,
      </if>
      <if test="annualAuditStatus != null" >
        annual_audit_status,
      </if>
      <if test="invoicePrintingEquipmentNumber != null" >
        invoice_printing_equipment_number,
      </if>
      <if test="gpsBrand != null" >
        gps_brand,
      </if>
      <if test="gpsModel != null" >
        gps_model,
      </if>
      <if test="gpsImei != null" >
        gps_imei,
      </if>
      <if test="gpsInstallTime != null" >
        gps_install_time,
      </if>
      <if test="reportTime != null" >
        report_time,
      </if>
      <if test="serviceType != null" >
        service_type,
      </if>
      <if test="chargeTypeCode != null" >
        charge_type_code,
      </if>
      <if test="carInvoiceImg != null" >
        car_invoice_img,
      </if>
      <if test="qualityCertificateImg != null" >
        quality_certificate_img,
      </if>
      <if test="vehicleLicenseImg != null" >
        vehicle_license_img,
      </if>
      <if test="registrationCertificateImg != null" >
        registration_certificate_img,
      </if>
      <if test="taxPaymentCertificateImg != null" >
        tax_payment_certificate_img,
      </if>
      <if test="transportCertificateImg != null" >
        transport_certificate_img,
      </if>
      <if test="otherImg1 != null" >
        other_img1,
      </if>
      <if test="otherImg2 != null" >
        other_img2,
      </if>
      <if test="createTime != null" >
        create_time,
      </if>
    </trim>
    <trim prefix="values (" suffix=")" suffixOverrides="," >
      <if test="id != null">
        #{id, jdbcType=INTEGER},
      </if>
      <if test="companyLogo != null" >
        #{companyLogo,jdbcType=VARCHAR},
      </if>
      <if test="carLabel != null" >
        #{carLabel,jdbcType=VARCHAR},
      </if>
      <if test="carBaseType != null" >
        #{carBaseType,jdbcType=VARCHAR},
      </if>
      <if test="carOwner != null" >
        #{carOwner,jdbcType=VARCHAR},
      </if>
      <if test="plateColor != null" >
        #{plateColor,jdbcType=VARCHAR},
      </if>
      <if test="engineNumber != null" >
        #{engineNumber,jdbcType=VARCHAR},
      </if>
      <if test="vinNumber != null" >
        #{vinNumber,jdbcType=VARCHAR},
      </if>
      <if test="registerTime != null" >
        #{registerTime,jdbcType=DATE},
      </if>
      <if test="fuelType != null" >
        #{fuelType,jdbcType=VARCHAR},
      </if>
      <if test="engineCapacity != null" >
        #{engineCapacity,jdbcType=VARCHAR},
      </if>
      <if test="carImgFileNumber != null" >
        #{carImgFileNumber,jdbcType=VARCHAR},
      </if>
      <if test="transportNumber != null" >
        #{transportNumber,jdbcType=VARCHAR},
      </if>
      <if test="transportIssuingAuthority != null" >
        #{transportIssuingAuthority,jdbcType=VARCHAR},
      </if>
      <if test="businessArea != null" >
        #{businessArea,jdbcType=VARCHAR},
      </if>
      <if test="transportCertificateValidityStart != null" >
        #{transportCertificateValidityStart,jdbcType=DATE},
      </if>
      <if test="transportCertificateValidityEnd != null" >
        #{transportCertificateValidityEnd,jdbcType=DATE},
      </if>
      <if test="firstRegisterTime != null" >
        #{firstRegisterTime,jdbcType=DATE},
      </if>
      <if test="stateOfRepair != null" >
        #{stateOfRepair,jdbcType=VARCHAR},
      </if>
      <if test="nextAnnualInspectionTime != null" >
        #{nextAnnualInspectionTime,jdbcType=DATE},
      </if>
      <if test="annualAuditStatus != null" >
        #{annualAuditStatus,jdbcType=VARCHAR},
      </if>
      <if test="invoicePrintingEquipmentNumber != null" >
        #{invoicePrintingEquipmentNumber,jdbcType=VARCHAR},
      </if>
      <if test="gpsBrand != null" >
        #{gpsBrand,jdbcType=VARCHAR},
      </if>
      <if test="gpsModel != null" >
        #{gpsModel,jdbcType=VARCHAR},
      </if>
      <if test="gpsImei != null" >
        #{gpsImei,jdbcType=VARCHAR},
      </if>
      <if test="gpsInstallTime != null" >
        #{gpsInstallTime,jdbcType=DATE},
      </if>
      <if test="reportTime != null" >
        #{reportTime,jdbcType=DATE},
      </if>
      <if test="serviceType != null" >
        #{serviceType,jdbcType=VARCHAR},
      </if>
      <if test="chargeTypeCode != null" >
        #{chargeTypeCode,jdbcType=VARCHAR},
      </if>
      <if test="carInvoiceImg != null" >
        #{carInvoiceImg,jdbcType=VARCHAR},
      </if>
      <if test="qualityCertificateImg != null" >
        #{qualityCertificateImg,jdbcType=VARCHAR},
      </if>
      <if test="vehicleLicenseImg != null" >
        #{vehicleLicenseImg,jdbcType=VARCHAR},
      </if>
      <if test="registrationCertificateImg != null" >
        #{registrationCertificateImg,jdbcType=VARCHAR},
      </if>
      <if test="taxPaymentCertificateImg != null" >
        #{taxPaymentCertificateImg,jdbcType=VARCHAR},
      </if>
      <if test="transportCertificateImg != null" >
        #{transportCertificateImg,jdbcType=VARCHAR},
      </if>
      <if test="otherImg1 != null" >
        #{otherImg1,jdbcType=VARCHAR},
      </if>
      <if test="otherImg2 != null" >
        #{otherImg2,jdbcType=VARCHAR},
      </if>
      <if test="createTime != null" >
        #{createTime,jdbcType=TIMESTAMP},
      </if>
    </trim>
  </insert>
  <update id="updateByPrimaryKeySelective" parameterType="com.online.taxi.entity.CarBaseInfo" >
    <!--
      WARNING - @mbggenerated
      This element is automatically generated by MyBatis Generator, do not modify.
    -->
    update tbl_car_base_info
    <set >
      <if test="companyLogo != null" >
        company_logo = #{companyLogo,jdbcType=VARCHAR},
      </if>
      <if test="carLabel != null" >
        car_label = #{carLabel,jdbcType=VARCHAR},
      </if>
      <if test="carBaseType != null" >
        car_base_type = #{carBaseType,jdbcType=VARCHAR},
      </if>
      <if test="carOwner != null" >
        car_owner = #{carOwner,jdbcType=VARCHAR},
      </if>
      <if test="plateColor != null" >
        plate_color = #{plateColor,jdbcType=VARCHAR},
      </if>
      <if test="engineNumber != null" >
        engine_number = #{engineNumber,jdbcType=VARCHAR},
      </if>
      <if test="vinNumber != null" >
        vin_number = #{vinNumber,jdbcType=VARCHAR},
      </if>
      <if test="registerTime != null" >
        register_time = #{registerTime,jdbcType=DATE},
      </if>
      <if test="fuelType != null" >
        fuel_type = #{fuelType,jdbcType=VARCHAR},
      </if>
      <if test="engineCapacity != null" >
        engine_capacity = #{engineCapacity,jdbcType=VARCHAR},
      </if>
      <if test="carImgFileNumber != null" >
        car_img_file_number = #{carImgFileNumber,jdbcType=VARCHAR},
      </if>
      <if test="transportNumber != null" >
        transport_number = #{transportNumber,jdbcType=VARCHAR},
      </if>
      <if test="transportIssuingAuthority != null" >
        transport_issuing_authority = #{transportIssuingAuthority,jdbcType=VARCHAR},
      </if>
      <if test="businessArea != null" >
        business_area = #{businessArea,jdbcType=VARCHAR},
      </if>
      <if test="transportCertificateValidityStart != null" >
        transport_certificate_validity_start = #{transportCertificateValidityStart,jdbcType=DATE},
      </if>
      <if test="transportCertificateValidityEnd != null" >
        transport_certificate_validity_end = #{transportCertificateValidityEnd,jdbcType=DATE},
      </if>
      <if test="firstRegisterTime != null" >
        first_register_time = #{firstRegisterTime,jdbcType=DATE},
      </if>
      <if test="stateOfRepair != null" >
        state_of_repair = #{stateOfRepair,jdbcType=VARCHAR},
      </if>
      <if test="nextAnnualInspectionTime != null" >
        next_annual_inspection_time = #{nextAnnualInspectionTime,jdbcType=DATE},
      </if>
      <if test="annualAuditStatus != null" >
        annual_audit_status = #{annualAuditStatus,jdbcType=VARCHAR},
      </if>
      <if test="invoicePrintingEquipmentNumber != null" >
        invoice_printing_equipment_number = #{invoicePrintingEquipmentNumber,jdbcType=VARCHAR},
      </if>
      <if test="gpsBrand != null" >
        gps_brand = #{gpsBrand,jdbcType=VARCHAR},
      </if>
      <if test="gpsModel != null" >
        gps_model = #{gpsModel,jdbcType=VARCHAR},
      </if>
      <if test="gpsImei != null" >
        gps_imei = #{gpsImei,jdbcType=VARCHAR},
      </if>
      <if test="gpsInstallTime != null" >
        gps_install_time = #{gpsInstallTime,jdbcType=DATE},
      </if>
      <if test="reportTime != null" >
        report_time = #{reportTime,jdbcType=DATE},
      </if>
      <if test="serviceType != null" >
        service_type = #{serviceType,jdbcType=VARCHAR},
      </if>
      <if test="chargeTypeCode != null" >
        charge_type_code = #{chargeTypeCode,jdbcType=VARCHAR},
      </if>
      <if test="carInvoiceImg != null" >
        car_invoice_img = #{carInvoiceImg,jdbcType=VARCHAR},
      </if>
      <if test="qualityCertificateImg != null" >
        quality_certificate_img = #{qualityCertificateImg,jdbcType=VARCHAR},
      </if>
      <if test="vehicleLicenseImg != null" >
        vehicle_license_img = #{vehicleLicenseImg,jdbcType=VARCHAR},
      </if>
      <if test="registrationCertificateImg != null" >
        registration_certificate_img = #{registrationCertificateImg,jdbcType=VARCHAR},
      </if>
      <if test="taxPaymentCertificateImg != null" >
        tax_payment_certificate_img = #{taxPaymentCertificateImg,jdbcType=VARCHAR},
      </if>
      <if test="transportCertificateImg != null" >
        transport_certificate_img = #{transportCertificateImg,jdbcType=VARCHAR},
      </if>
      <if test="otherImg1 != null" >
        other_img1 = #{otherImg1,jdbcType=VARCHAR},
      </if>
      <if test="otherImg2 != null" >
        other_img2 = #{otherImg2,jdbcType=VARCHAR},
      </if>
    </set>
    where id = #{id,jdbcType=INTEGER}
  </update>
  <update id="updateByPrimaryKey" parameterType="com.online.taxi.entity.CarBaseInfo" >
    <!--
      WARNING - @mbggenerated
      This element is automatically generated by MyBatis Generator, do not modify.
    -->
    update tbl_car_base_info
    set company_logo = #{companyLogo,jdbcType=VARCHAR},
      car_label = #{carLabel,jdbcType=VARCHAR},
      car_base_type = #{carBaseType,jdbcType=VARCHAR},
      car_owner = #{carOwner,jdbcType=VARCHAR},
      plate_color = #{plateColor,jdbcType=VARCHAR},
      engine_number = #{engineNumber,jdbcType=VARCHAR},
      vin_number = #{vinNumber,jdbcType=VARCHAR},
      register_time = #{registerTime,jdbcType=DATE},
      fuel_type = #{fuelType,jdbcType=VARCHAR},
      engine_capacity = #{engineCapacity,jdbcType=VARCHAR},
      car_img_file_number = #{carImgFileNumber,jdbcType=VARCHAR},
      transport_number = #{transportNumber,jdbcType=VARCHAR},
      transport_issuing_authority = #{transportIssuingAuthority,jdbcType=VARCHAR},
      business_area = #{businessArea,jdbcType=VARCHAR},
      transport_certificate_validity_start = #{transportCertificateValidityStart,jdbcType=DATE},
      transport_certificate_validity_end = #{transportCertificateValidityEnd,jdbcType=DATE},
      first_register_time = #{firstRegisterTime,jdbcType=DATE},
      state_of_repair = #{stateOfRepair,jdbcType=VARCHAR},
      next_annual_inspection_time = #{nextAnnualInspectionTime,jdbcType=DATE},
      annual_audit_status = #{annualAuditStatus,jdbcType=VARCHAR},
      invoice_printing_equipment_number = #{invoicePrintingEquipmentNumber,jdbcType=VARCHAR},
      gps_brand = #{gpsBrand,jdbcType=VARCHAR},
      gps_model = #{gpsModel,jdbcType=VARCHAR},
      gps_imei = #{gpsImei,jdbcType=VARCHAR},
      gps_install_time = #{gpsInstallTime,jdbcType=DATE},
      report_time = #{reportTime,jdbcType=DATE},
      service_type = #{serviceType,jdbcType=VARCHAR},
      charge_type_code = #{chargeTypeCode,jdbcType=VARCHAR},
      car_invoice_img = #{carInvoiceImg,jdbcType=VARCHAR},
      quality_certificate_img = #{qualityCertificateImg,jdbcType=VARCHAR},
      vehicle_license_img = #{vehicleLicenseImg,jdbcType=VARCHAR},
      registration_certificate_img = #{registrationCertificateImg,jdbcType=VARCHAR},
      tax_payment_certificate_img = #{taxPaymentCertificateImg,jdbcType=VARCHAR},
      transport_certificate_img = #{transportCertificateImg,jdbcType=VARCHAR},
      other_img1 = #{otherImg1,jdbcType=VARCHAR},
      other_img2 = #{otherImg2,jdbcType=VARCHAR}
    where id = #{id,jdbcType=INTEGER}
  </update>
</mapper>
