<?xml version="1.0" encoding="UTF-8" ?>
<!DOCTYPE mapper PUBLIC "-//mybatis.org//DTD Mapper 3.0//EN" "http://mybatis.org/dtd/mybatis-3-mapper.dtd" >
<mapper namespace="com.online.taxi.mapper.CarInfoMapper">
    <resultMap id="BaseResultMap" type="com.online.taxi.entity.CarInfo">
        <!--
          WARNING - @mbggenerated
          This element is automatically generated by MyBatis Generator, do not modify.
        -->
        <id column="id" property="id" jdbcType="INTEGER"/>
        <result column="plate_number" property="plateNumber" jdbcType="VARCHAR"/>
        <result column="operation_status" property="operationStatus" jdbcType="INTEGER"/>
        <result column="publish_time" property="publishTime" jdbcType="TIMESTAMP"/>
        <result column="full_name" property="fullName" jdbcType="VARCHAR"/>
        <result column="color" property="color" jdbcType="VARCHAR"/>
        <result column="car_img" property="carImg" jdbcType="VARCHAR"/>
        <result column="city_code" property="cityCode" jdbcType="VARCHAR"/>
        <result column="car_type_id" property="carTypeId" jdbcType="INTEGER"/>
        <result column="car_level_id" property="carLevelId" jdbcType="INTEGER"/>
        <result column="regist_date" property="registDate" jdbcType="DATE"/>
        <result column="insurance_start_date" property="insuranceStartDate" jdbcType="DATE"/>
        <result column="insurance_end_date" property="insuranceEndDate" jdbcType="DATE"/>
        <result column="annual_end_date" property="annualEndDate" jdbcType="DATE"/>
        <result column="car_license_img" property="carLicenseImg" jdbcType="VARCHAR"/>
        <result column="is_free_order" property="isFreeOrder" jdbcType="INTEGER"/>
        <result column="remark" property="remark" jdbcType="VARCHAR"/>
        <result column="use_status" property="useStatus" jdbcType="INTEGER"/>
        <result column="large_screen_device_code" property="largeScreenDeviceCode" jdbcType="VARCHAR"/>
        <result column="large_screen_device_brand" property="largeScreenDeviceBrand" jdbcType="VARCHAR"/>
        <result column="car_screen_device_code" property="carScreenDeviceCode" jdbcType="VARCHAR"/>
        <result column="car_screen_device_brand" property="carScreenDeviceBrand" jdbcType="VARCHAR"/>
        <result column="create_time" property="createTime" jdbcType="TIMESTAMP"/>
        <result column="update_time" property="updateTime" jdbcType="TIMESTAMP"/>
        <result column="operator_id" property="operatorId" jdbcType="INTEGER"/>
        <result column="total_mile" property="totalMile" jdbcType="INTEGER"/>
        <result column="asset_coding" property="assetCoding" jdbcType="VARCHAR"/>
        <result column="create_time" property="createTime" jdbcType="TIMESTAMP"/>
    </resultMap>
    <sql id="Base_Column_List">
        <!--
          WARNING - @mbggenerated
          This element is automatically generated by MyBatis Generator, do not modify.
        -->
        id, plate_number, operation_status, publish_time, full_name, color, car_img, city_code,
        car_type_id, car_level_id, regist_date, insurance_start_date, insurance_end_date,
        annual_end_date, car_license_img, is_free_order, remark, use_status, large_screen_device_code,
        large_screen_device_brand, car_screen_device_code, car_screen_device_brand, create_time,
        update_time, operator_id, total_mile, asset_coding
    </sql>
    <select id="selectByPrimaryKey" resultMap="BaseResultMap" parameterType="java.lang.Integer">
        <!--
          WARNING - @mbggenerated
          This element is automatically generated by MyBatis Generator, do not modify.
        -->
        select
        <include refid="Base_Column_List"/>
        from tbl_car_info
        where id = #{id,jdbcType=INTEGER}
    </select>
    <delete id="deleteByPrimaryKey" parameterType="java.lang.Integer">
        <!--
          WARNING - @mbggenerated
          This element is automatically generated by MyBatis Generator, do not modify.
        -->
        delete from tbl_car_info
        where id = #{id,jdbcType=INTEGER}
    </delete>
    <insert id="insert" parameterType="com.online.taxi.entity.CarInfo" useGeneratedKeys="true" keyProperty="id">
        <!--
          WARNING - @mbggenerated
          This element is automatically generated by MyBatis Generator, do not modify.
        -->
        insert into tbl_car_info (plate_number, operation_status, publish_time,
        full_name, color, car_img,
        city_code, car_type_id, car_level_id,
        regist_date, insurance_start_date, insurance_end_date,
        annual_end_date, car_license_img, is_free_order,
        remark, use_status, large_screen_device_code,
        large_screen_device_brand, car_screen_device_code,
        car_screen_device_brand, create_time, update_time,
        operator_id, total_mile, asset_coding)
        values (#{plateNumber,jdbcType=VARCHAR}, #{operationStatus,jdbcType=INTEGER}, #{publishTime,jdbcType=TIMESTAMP},
        #{fullName,jdbcType=VARCHAR}, #{color,jdbcType=VARCHAR}, #{carImg,jdbcType=VARCHAR},
        #{cityCode,jdbcType=VARCHAR}, #{carTypeId,jdbcType=INTEGER}, #{carLevelId,jdbcType=INTEGER},
        #{registDate,jdbcType=DATE}, #{insuranceStartDate,jdbcType=DATE}, #{insuranceEndDate,jdbcType=DATE},
        #{annualEndDate,jdbcType=DATE}, #{carLicenseImg,jdbcType=VARCHAR}, #{isFreeOrder,jdbcType=INTEGER},
        #{remark,jdbcType=VARCHAR}, #{useStatus,jdbcType=INTEGER}, #{largeScreenDeviceCode,jdbcType=VARCHAR},
        #{largeScreenDeviceBrand,jdbcType=VARCHAR}, #{carScreenDeviceCode,jdbcType=VARCHAR},
        #{carScreenDeviceBrand,jdbcType=VARCHAR}, #{createTime,jdbcType=TIMESTAMP}, #{updateTime,jdbcType=TIMESTAMP},
        #{operatorId,jdbcType=INTEGER}, #{totalMile,jdbcType=INTEGER}, #{assetCoding})
    </insert>
    <insert id="insertSelective" parameterType="com.online.taxi.entity.CarInfo" useGeneratedKeys="true"
            keyProperty="id">
        <!--
          WARNING - @mbggenerated
          This element is automatically generated by MyBatis Generator, do not modify.
        -->
        insert into tbl_car_info
        <trim prefix="(" suffix=")" suffixOverrides=",">
            <if test="plateNumber != null">
                plate_number,
            </if>
            <if test="operationStatus != null">
                operation_status,
            </if>
            <if test="publishTime != null">
                publish_time,
            </if>
            <if test="fullName != null">
                full_name,
            </if>
            <if test="color != null">
                color,
            </if>
            <if test="carImg != null">
                car_img,
            </if>
            <if test="cityCode != null">
                city_code,
            </if>
            <if test="carTypeId != null">
                car_type_id,
            </if>
            <if test="carLevelId != null">
                car_level_id,
            </if>
            <if test="registDate != null">
                regist_date,
            </if>
            <if test="insuranceStartDate != null">
                insurance_start_date,
            </if>
            <if test="insuranceEndDate != null">
                insurance_end_date,
            </if>
            <if test="annualEndDate != null">
                annual_end_date,
            </if>
            <if test="carLicenseImg != null">
                car_license_img,
            </if>
            <if test="isFreeOrder != null">
                is_free_order,
            </if>
            <if test="remark != null">
                remark,
            </if>
            <if test="useStatus != null">
                use_status,
            </if>
            <if test="largeScreenDeviceCode != null">
                large_screen_device_code,
            </if>
            <if test="largeScreenDeviceBrand != null">
                large_screen_device_brand,
            </if>
            <if test="carScreenDeviceCode != null">
                car_screen_device_code,
            </if>
            <if test="carScreenDeviceBrand != null">
                car_screen_device_brand,
            </if>
            <if test="createTime != null">
                create_time,
            </if>
            <if test="updateTime != null">
                update_time,
            </if>
            <if test="operatorId != null">
                operator_id,
            </if>
            <if test="totalMile != null">
                total_mile,
            </if>
            <if test="assetCoding != null">
                asset_coding,
            </if>
        </trim>
        <trim prefix="values (" suffix=")" suffixOverrides=",">
            <if test="plateNumber != null">
                #{plateNumber,jdbcType=VARCHAR},
            </if>
            <if test="operationStatus != null">
                #{operationStatus,jdbcType=INTEGER},
            </if>
            <if test="publishTime != null">
                #{publishTime,jdbcType=TIMESTAMP},
            </if>
            <if test="fullName != null">
                #{fullName,jdbcType=VARCHAR},
            </if>
            <if test="color != null">
                #{color,jdbcType=VARCHAR},
            </if>
            <if test="carImg != null">
                #{carImg,jdbcType=VARCHAR},
            </if>
            <if test="cityCode != null">
                #{cityCode,jdbcType=VARCHAR},
            </if>
            <if test="carTypeId != null">
                #{carTypeId,jdbcType=INTEGER},
            </if>
            <if test="carLevelId != null">
                #{carLevelId,jdbcType=INTEGER},
            </if>
            <if test="registDate != null">
                #{registDate,jdbcType=DATE},
            </if>
            <if test="insuranceStartDate != null">
                #{insuranceStartDate,jdbcType=DATE},
            </if>
            <if test="insuranceEndDate != null">
                #{insuranceEndDate,jdbcType=DATE},
            </if>
            <if test="annualEndDate != null">
                #{annualEndDate,jdbcType=DATE},
            </if>
            <if test="carLicenseImg != null">
                #{carLicenseImg,jdbcType=VARCHAR},
            </if>
            <if test="isFreeOrder != null">
                #{isFreeOrder,jdbcType=INTEGER},
            </if>
            <if test="remark != null">
                #{remark,jdbcType=VARCHAR},
            </if>
            <if test="useStatus != null">
                #{useStatus,jdbcType=INTEGER},
            </if>
            <if test="largeScreenDeviceCode != null">
                #{largeScreenDeviceCode,jdbcType=VARCHAR},
            </if>
            <if test="largeScreenDeviceBrand != null">
                #{largeScreenDeviceBrand,jdbcType=VARCHAR},
            </if>
            <if test="carScreenDeviceCode != null">
                #{carScreenDeviceCode,jdbcType=VARCHAR},
            </if>
            <if test="carScreenDeviceBrand != null">
                #{carScreenDeviceBrand,jdbcType=VARCHAR},
            </if>
            <if test="createTime != null">
                #{createTime,jdbcType=TIMESTAMP},
            </if>
            <if test="updateTime != null">
                #{updateTime,jdbcType=TIMESTAMP},
            </if>
            <if test="operatorId != null">
                #{operatorId,jdbcType=INTEGER},
            </if>
            <if test="totalMile != null">
                #{totalMile,jdbcType=INTEGER},
            </if>
            <if test="assetCoding != null">
                #{assetCoding,jdbcType=VARCHAR},
            </if>
        </trim>
    </insert>
    <update id="updateByPrimaryKeySelective" parameterType="com.online.taxi.entity.CarInfo">
        <!--
          WARNING - @mbggenerated
          This element is automatically generated by MyBatis Generator, do not modify.
        -->
        update tbl_car_info
        <set>
            <if test="plateNumber != null">
                plate_number = #{plateNumber,jdbcType=VARCHAR},
            </if>
            <if test="operationStatus != null">
                operation_status = #{operationStatus,jdbcType=INTEGER},
            </if>
            <if test="publishTime != null">
                publish_time = #{publishTime,jdbcType=TIMESTAMP},
            </if>
            <if test="fullName != null">
                full_name = #{fullName,jdbcType=VARCHAR},
            </if>
            <if test="color != null">
                color = #{color,jdbcType=VARCHAR},
            </if>
            <if test="carImg != null">
                car_img = #{carImg,jdbcType=VARCHAR},
            </if>
            <if test="cityCode != null">
                city_code = #{cityCode,jdbcType=VARCHAR},
            </if>
            <if test="carTypeId != null">
                car_type_id = #{carTypeId,jdbcType=INTEGER},
            </if>
            <if test="carLevelId != null">
                car_level_id = #{carLevelId,jdbcType=INTEGER},
            </if>
            <if test="registDate != null">
                regist_date = #{registDate,jdbcType=DATE},
            </if>
            <if test="insuranceStartDate != null">
                insurance_start_date = #{insuranceStartDate,jdbcType=DATE},
            </if>
            <if test="insuranceEndDate != null">
                insurance_end_date = #{insuranceEndDate,jdbcType=DATE},
            </if>
            <if test="annualEndDate != null">
                annual_end_date = #{annualEndDate,jdbcType=DATE},
            </if>
            <if test="carLicenseImg != null">
                car_license_img = #{carLicenseImg,jdbcType=VARCHAR},
            </if>
            <if test="isFreeOrder != null">
                is_free_order = #{isFreeOrder,jdbcType=INTEGER},
            </if>
            <if test="remark != null">
                remark = #{remark,jdbcType=VARCHAR},
            </if>
            <if test="useStatus != null">
                use_status = #{useStatus,jdbcType=INTEGER},
            </if>
            <if test="largeScreenDeviceCode != null">
                large_screen_device_code = #{largeScreenDeviceCode,jdbcType=VARCHAR},
            </if>
            <if test="largeScreenDeviceBrand != null">
                large_screen_device_brand = #{largeScreenDeviceBrand,jdbcType=VARCHAR},
            </if>
            <if test="carScreenDeviceCode != null">
                car_screen_device_code = #{carScreenDeviceCode,jdbcType=VARCHAR},
            </if>
            <if test="carScreenDeviceBrand != null">
                car_screen_device_brand = #{carScreenDeviceBrand,jdbcType=VARCHAR},
            </if>
            <if test="createTime != null">
                create_time = #{createTime,jdbcType=TIMESTAMP},
            </if>
            <if test="updateTime != null">
                update_time = #{updateTime,jdbcType=TIMESTAMP},
            </if>
            <if test="operatorId != null">
                operator_id = #{operatorId,jdbcType=INTEGER},
            </if>
            <if test="totalMile != null">
                total_mile = #{totalMile,jdbcType=INTEGER},
            </if>
            <if test="assetCoding != null">
                asset_coding = #{assetCoding},
            </if>
        </set>
        where id = #{id,jdbcType=INTEGER}
    </update>
    <update id="updateByPrimaryKey" parameterType="com.online.taxi.entity.CarInfo">
        <!--
          WARNING - @mbggenerated
          This element is automatically generated by MyBatis Generator, do not modify.
        -->
        update tbl_car_info
        set plate_number = #{plateNumber,jdbcType=VARCHAR},
        operation_status = #{operationStatus,jdbcType=INTEGER},
        publish_time = #{publishTime,jdbcType=TIMESTAMP},
        full_name = #{fullName,jdbcType=VARCHAR},
        color = #{color,jdbcType=VARCHAR},
        car_img = #{carImg,jdbcType=VARCHAR},
        city_code = #{cityCode,jdbcType=VARCHAR},
        car_type_id = #{carTypeId,jdbcType=INTEGER},
        car_level_id = #{carLevelId,jdbcType=INTEGER},
        regist_date = #{registDate,jdbcType=DATE},
        insurance_start_date = #{insuranceStartDate,jdbcType=DATE},
        insurance_end_date = #{insuranceEndDate,jdbcType=DATE},
        annual_end_date = #{annualEndDate,jdbcType=DATE},
        car_license_img = #{carLicenseImg,jdbcType=VARCHAR},
        is_free_order = #{isFreeOrder,jdbcType=INTEGER},
        remark = #{remark,jdbcType=VARCHAR},
        use_status = #{useStatus,jdbcType=INTEGER},
        large_screen_device_code = #{largeScreenDeviceCode,jdbcType=VARCHAR},
        large_screen_device_brand = #{largeScreenDeviceBrand,jdbcType=VARCHAR},
        car_screen_device_code = #{carScreenDeviceCode,jdbcType=VARCHAR},
        car_screen_device_brand = #{carScreenDeviceBrand,jdbcType=VARCHAR},
        create_time = #{createTime,jdbcType=TIMESTAMP},
        update_time = #{updateTime,jdbcType=TIMESTAMP},
        operator_id = #{operatorId,jdbcType=INTEGER},
        total_mile = #{totalMile,jdbcType=INTEGER},
        asset_coding = #{assetCoding},
        where id = #{id,jdbcType=INTEGER}
    </update>
    <select id="countCarInfo" resultType="java.lang.Integer">
        select count(*) from tbl_car_info as carInfo
        left join tbl_car_type as carType on carInfo.car_type_id = carType.ID
        left join tbl_driver_info as driverInfo on driverInfo.CAR_ID=carInfo.ID
        where 1=1
        <if test="driverPhone!=null">
            and driverInfo.phone_number = #{driverPhone}
        </if>
        <if test="driverName!=null">
            and driverInfo.driver_name = #{driverName}
        </if>
        <if test="carPlateNumber!=null">
            and plate_number = #{carPlateNumber}
        </if>
        <if test="searchStartTime != null">
            and regist_date <![CDATA[>=]]> #{searchStartTime}
        </if>
        <if test="searchEndTime!=null">
            and regist_date <![CDATA[<=]]> #{searchEndTime}
        </if>
    </select>
</mapper>
