<?xml version="1.0" encoding="UTF-8" ?>
<!DOCTYPE mapper PUBLIC "-//mybatis.org//DTD Mapper 3.0//EN" "http://mybatis.org/dtd/mybatis-3-mapper.dtd" >
<mapper namespace="com.online.taxi.mapper.DriverBaseInfoMapper" >
  <resultMap id="BaseResultMap" type="com.online.taxi.entity.DriverBaseInfo" >
    <!--
      WARNING - @mbggenerated
      This element is automatically generated by MyBatis Generator, do not modify.
    -->
    <id column="id" property="id" jdbcType="INTEGER" />
    <result column="mobile_operator" property="mobileOperator" jdbcType="VARCHAR" />
    <result column="company_logo" property="companyLogo" jdbcType="VARCHAR" />
    <result column="administrative_code" property="administrativeCode" jdbcType="VARCHAR" />
    <result column="birthday" property="birthday" jdbcType="DATE" />
    <result column="country" property="country" jdbcType="VARCHAR" />
    <result column="national" property="national" jdbcType="VARCHAR" />
    <result column="driving_licence_number" property="drivingLicenceNumber" jdbcType="VARCHAR" />
    <result column="marital_status" property="maritalStatus" jdbcType="VARCHAR" />
    <result column="foreign_language_ability" property="foreignLanguageAbility" jdbcType="VARCHAR" />
    <result column="app_version" property="appVersion" jdbcType="VARCHAR" />
    <result column="map_type" property="mapType" jdbcType="VARCHAR" />
    <result column="education_background" property="educationBackground" jdbcType="VARCHAR" />
    <result column="household_registration_authority" property="householdRegistrationAuthority" jdbcType="VARCHAR" />
    <result column="registered_permanent_residence_address" property="registeredPermanentResidenceAddress" jdbcType="VARCHAR" />
    <result column="address" property="address" jdbcType="VARCHAR" />
    <result column="address_longitude" property="addressLongitude" jdbcType="VARCHAR" />
    <result column="address_latitude" property="addressLatitude" jdbcType="VARCHAR" />
    <result column="driver_img_file_number" property="driverImgFileNumber" jdbcType="VARCHAR" />
    <result column="driver_license" property="driverLicense" jdbcType="VARCHAR" />
    <result column="driver_license_scan_copy_number" property="driverLicenseScanCopyNumber" jdbcType="VARCHAR" />
    <result column="driving_type" property="drivingType" jdbcType="VARCHAR" />
    <result column="first_get_driver_license_date" property="firstGetDriverLicenseDate" jdbcType="DATE" />
    <result column="driver_license_validity_start" property="driverLicenseValidityStart" jdbcType="DATE" />
    <result column="driver_license_validity_end" property="driverLicenseValidityEnd" jdbcType="DATE" />
    <result column="is_taxi_driver" property="isTaxiDriver" jdbcType="INTEGER" />
    <result column="network_reservation_taxi_driver_license_number" property="networkReservationTaxiDriverLicenseNumber" jdbcType="VARCHAR" />
    <result column="network_reservation_taxi_driver_license_issuing_agencies" property="networkReservationTaxiDriverLicenseIssuingAgencies" jdbcType="VARCHAR" />
    <result column="certificate_issuing_date" property="certificateIssuingDate" jdbcType="DATE" />
    <result column="first_qualification_date" property="firstQualificationDate" jdbcType="DATE" />
    <result column="qualification_certificate_validity_start" property="qualificationCertificateValidityStart" jdbcType="DATE" />
    <result column="qualification_certificate_validity_end" property="qualificationCertificateValidityEnd" jdbcType="DATE" />
    <result column="reported_date" property="reportedDate" jdbcType="DATE" />
    <result column="is_full_time_driver" property="isFullTimeDriver" jdbcType="INTEGER" />
    <result column="is_in_driver_blacklist" property="isInDriverBlacklist" jdbcType="INTEGER" />
    <result column="service_type" property="serviceType" jdbcType="INTEGER" />
    <result column="company" property="company" jdbcType="VARCHAR" />
    <result column="contract_start_date" property="contractStartDate" jdbcType="DATE" />
    <result column="contract_end_date" property="contractEndDate" jdbcType="DATE" />
    <result column="emergency_contact" property="emergencyContact" jdbcType="VARCHAR" />
    <result column="emergency_contact_phone_number" property="emergencyContactPhoneNumber" jdbcType="VARCHAR" />
    <result column="emergency_contact_address" property="emergencyContactAddress" jdbcType="VARCHAR" />
    <result column="training_courses" property="trainingCourses" jdbcType="VARCHAR" />
    <result column="training_courses_date" property="trainingCoursesDate" jdbcType="DATE" />
    <result column="training_courses_start_date" property="trainingCoursesStartDate" jdbcType="DATE" />
    <result column="training_courses_end_date" property="trainingCoursesEndDate" jdbcType="DATE" />
    <result column="training_courses_time" property="trainingCoursesTime" jdbcType="INTEGER" />
    <result column="bank_name" property="bankName" jdbcType="VARCHAR" />
    <result column="bank_card_number" property="bankCardNumber" jdbcType="VARCHAR" />
    <result column="note" property="note" jdbcType="VARCHAR" />
    <result column="qualification_certificate_img" property="qualificationCertificateImg" jdbcType="VARCHAR" />
    <result column="other_img1" property="otherImg1" jdbcType="VARCHAR" />
    <result column="other_img2" property="otherImg2" jdbcType="VARCHAR" />
    <result column="create_time" property="createTime" jdbcType="TIMESTAMP" />
    <result column="update_time" property="updateTime" jdbcType="TIMESTAMP" />
  </resultMap>
  <sql id="Base_Column_List" >
    <!--
      WARNING - @mbggenerated
      This element is automatically generated by MyBatis Generator, do not modify.
    -->
    id, mobile_operator, company_logo, administrative_code,
    birthday, country, national, driving_licence_number, marital_status, foreign_language_ability,
    app_version, map_type, education_background, household_registration_authority, registered_permanent_residence_address,
    address, address_longitude, address_latitude, driver_img_file_number, driver_license,
    driver_license_scan_copy_number, driving_type, first_get_driver_license_date, driver_license_validity_start,
    driver_license_validity_end, is_taxi_driver, network_reservation_taxi_driver_license_number,
    network_reservation_taxi_driver_license_issuing_agencies, certificate_issuing_date,
    first_qualification_date, qualification_certificate_validity_start, qualification_certificate_validity_end,
    reported_date, is_full_time_driver, is_in_driver_blacklist, service_type, company,
    contract_start_date, contract_end_date, emergency_contact, emergency_contact_phone_number,
    emergency_contact_address, training_courses, training_courses_date, training_courses_start_date,
    training_courses_end_date, training_courses_time, bank_name, bank_card_number, note,
    qualification_certificate_img, other_img1, other_img2,create_time,
    update_time
  </sql>
  <select id="selectByPrimaryKey" resultMap="BaseResultMap" parameterType="java.lang.Integer" >
    <!--
      WARNING - @mbggenerated
      This element is automatically generated by MyBatis Generator, do not modify.
    -->
    select
    <include refid="Base_Column_List" />
    from tbl_driver_base_info
    where id = #{id,jdbcType=INTEGER}
  </select>
  <delete id="deleteByPrimaryKey" parameterType="java.lang.Integer" >
    <!--
      WARNING - @mbggenerated
      This element is automatically generated by MyBatis Generator, do not modify.
    -->
    delete from tbl_driver_base_info
    where id = #{id,jdbcType=INTEGER}
  </delete>
  <insert id="insert" parameterType="com.online.taxi.entity.DriverBaseInfo" useGeneratedKeys="true" keyProperty="id" >
    <!--
      WARNING - @mbggenerated
      This element is automatically generated by MyBatis Generator, do not modify.
    -->
    insert into tbl_driver_base_info ( mobile_operator,
      company_logo, administrative_code, birthday,
      country, national, driving_licence_number,
      marital_status, foreign_language_ability,
      app_version, map_type, education_background,
      household_registration_authority, registered_permanent_residence_address,
      address, address_longitude, address_latitude,
      driver_img_file_number, driver_license, driver_license_scan_copy_number,
      driving_type, first_get_driver_license_date, driver_license_validity_start,
      driver_license_validity_end, is_taxi_driver, network_reservation_taxi_driver_license_number,
      network_reservation_taxi_driver_license_issuing_agencies, certificate_issuing_date,
      first_qualification_date, qualification_certificate_validity_start,
      qualification_certificate_validity_end, reported_date,
      is_full_time_driver, is_in_driver_blacklist,
      service_type, company, contract_start_date,
      contract_end_date, emergency_contact, emergency_contact_phone_number,
      emergency_contact_address, training_courses,
      training_courses_date, training_courses_start_date,
      training_courses_end_date, training_courses_time,
      bank_name, bank_card_number, note,
      qualification_certificate_img, other_img1,
      other_img2,create_time,
    update_time)
    values  #{mobileOperator,jdbcType=VARCHAR},
      #{companyLogo,jdbcType=VARCHAR}, #{administrativeCode,jdbcType=VARCHAR}, #{birthday,jdbcType=DATE},
      #{country,jdbcType=VARCHAR}, #{national,jdbcType=VARCHAR}, #{drivingLicenceNumber,jdbcType=VARCHAR},
      #{maritalStatus,jdbcType=VARCHAR}, #{foreignLanguageAbility,jdbcType=VARCHAR},
      #{appVersion,jdbcType=VARCHAR}, #{mapType,jdbcType=VARCHAR}, #{educationBackground,jdbcType=VARCHAR},
      #{householdRegistrationAuthority,jdbcType=VARCHAR}, #{registeredPermanentResidenceAddress,jdbcType=VARCHAR},
      #{address,jdbcType=VARCHAR}, #{addressLongitude,jdbcType=VARCHAR}, #{addressLatitude,jdbcType=VARCHAR},
      #{driverImgFileNumber,jdbcType=VARCHAR}, #{driverLicense,jdbcType=VARCHAR}, #{driverLicenseScanCopyNumber,jdbcType=VARCHAR},
      #{drivingType,jdbcType=VARCHAR}, #{firstGetDriverLicenseDate,jdbcType=DATE}, #{driverLicenseValidityStart,jdbcType=DATE},
      #{driverLicenseValidityEnd,jdbcType=DATE}, #{isTaxiDriver,jdbcType=INTEGER}, #{networkReservationTaxiDriverLicenseNumber,jdbcType=VARCHAR},
      #{networkReservationTaxiDriverLicenseIssuingAgencies,jdbcType=VARCHAR}, #{certificateIssuingDate,jdbcType=DATE},
      #{firstQualificationDate,jdbcType=DATE}, #{qualificationCertificateValidityStart,jdbcType=DATE},
      #{qualificationCertificateValidityEnd,jdbcType=DATE}, #{reportedDate,jdbcType=DATE},
      #{isFullTimeDriver,jdbcType=INTEGER}, #{isInDriverBlacklist,jdbcType=INTEGER},
      #{serviceType,jdbcType=INTEGER}, #{company,jdbcType=VARCHAR}, #{contractStartDate,jdbcType=DATE},
      #{contractEndDate,jdbcType=DATE}, #{emergencyContact,jdbcType=VARCHAR}, #{emergencyContactPhoneNumber,jdbcType=VARCHAR},
      #{emergencyContactAddress,jdbcType=VARCHAR}, #{trainingCourses,jdbcType=VARCHAR},
      #{trainingCoursesDate,jdbcType=DATE}, #{trainingCoursesStartDate,jdbcType=DATE},
      #{trainingCoursesEndDate,jdbcType=DATE}, #{trainingCoursesTime,jdbcType=INTEGER},
      #{bankName,jdbcType=VARCHAR}, #{bankCardNumber,jdbcType=VARCHAR}, #{note,jdbcType=VARCHAR},
      #{qualificationCertificateImg,jdbcType=VARCHAR}, #{otherImg1,jdbcType=VARCHAR},
      #{otherImg2,jdbcType=VARCHAR},#{createTime,jdbcType=TIMESTAMP}, #{updateTime,jdbcType=TIMESTAMP})
  </insert>
  <insert id="insertSelective" parameterType="com.online.taxi.entity.DriverBaseInfo" useGeneratedKeys="true" keyProperty="id" >
    <!--
      WARNING - @mbggenerated
      This element is automatically generated by MyBatis Generator, do not modify.
    -->
    insert into tbl_driver_base_info
    <trim prefix="(" suffix=")" suffixOverrides="," >
      <if test="id != null" >
        id,
      </if>
      <if test="mobileOperator != null" >
        mobile_operator,
      </if>
      <if test="companyLogo != null" >
        company_logo,
      </if>
      <if test="administrativeCode != null" >
        administrative_code,
      </if>
      <if test="birthday != null" >
        birthday,
      </if>
      <if test="country != null" >
        country,
      </if>
      <if test="national != null" >
        national,
      </if>
      <if test="drivingLicenceNumber != null" >
        driving_licence_number,
      </if>
      <if test="maritalStatus != null" >
        marital_status,
      </if>
      <if test="foreignLanguageAbility != null" >
        foreign_language_ability,
      </if>
      <if test="appVersion != null" >
        app_version,
      </if>
      <if test="mapType != null" >
        map_type,
      </if>
      <if test="educationBackground != null" >
        education_background,
      </if>
      <if test="householdRegistrationAuthority != null" >
        household_registration_authority,
      </if>
      <if test="registeredPermanentResidenceAddress != null" >
        registered_permanent_residence_address,
      </if>
      <if test="address != null" >
        address,
      </if>
      <if test="addressLongitude != null" >
        address_longitude,
      </if>
      <if test="addressLatitude != null" >
        address_latitude,
      </if>
      <if test="driverImgFileNumber != null" >
        driver_img_file_number,
      </if>
      <if test="driverLicense != null" >
        driver_license,
      </if>
      <if test="driverLicenseScanCopyNumber != null" >
        driver_license_scan_copy_number,
      </if>
      <if test="drivingType != null" >
        driving_type,
      </if>
      <if test="firstGetDriverLicenseDate != null" >
        first_get_driver_license_date,
      </if>
      <if test="driverLicenseValidityStart != null" >
        driver_license_validity_start,
      </if>
      <if test="driverLicenseValidityEnd != null" >
        driver_license_validity_end,
      </if>
      <if test="isTaxiDriver != null" >
        is_taxi_driver,
      </if>
      <if test="networkReservationTaxiDriverLicenseNumber != null" >
        network_reservation_taxi_driver_license_number,
      </if>
      <if test="networkReservationTaxiDriverLicenseIssuingAgencies != null" >
        network_reservation_taxi_driver_license_issuing_agencies,
      </if>
      <if test="certificateIssuingDate != null" >
        certificate_issuing_date,
      </if>
      <if test="firstQualificationDate != null" >
        first_qualification_date,
      </if>
      <if test="qualificationCertificateValidityStart != null" >
        qualification_certificate_validity_start,
      </if>
      <if test="qualificationCertificateValidityEnd != null" >
        qualification_certificate_validity_end,
      </if>
      <if test="reportedDate != null" >
        reported_date,
      </if>
      <if test="isFullTimeDriver != null" >
        is_full_time_driver,
      </if>
      <if test="isInDriverBlacklist != null" >
        is_in_driver_blacklist,
      </if>
      <if test="serviceType != null" >
        service_type,
      </if>
      <if test="company != null" >
        company,
      </if>
      <if test="contractStartDate != null" >
        contract_start_date,
      </if>
      <if test="contractEndDate != null" >
        contract_end_date,
      </if>
      <if test="emergencyContact != null" >
        emergency_contact,
      </if>
      <if test="emergencyContactPhoneNumber != null" >
        emergency_contact_phone_number,
      </if>
      <if test="emergencyContactAddress != null" >
        emergency_contact_address,
      </if>
      <if test="trainingCourses != null" >
        training_courses,
      </if>
      <if test="trainingCoursesDate != null" >
        training_courses_date,
      </if>
      <if test="trainingCoursesStartDate != null" >
        training_courses_start_date,
      </if>
      <if test="trainingCoursesEndDate != null" >
        training_courses_end_date,
      </if>
      <if test="trainingCoursesTime != null" >
        training_courses_time,
      </if>
      <if test="bankName != null" >
        bank_name,
      </if>
      <if test="bankCardNumber != null" >
        bank_card_number,
      </if>
      <if test="note != null" >
        note,
      </if>
      <if test="qualificationCertificateImg != null" >
        qualification_certificate_img,
      </if>
      <if test="otherImg1 != null" >
        other_img1,
      </if>
      <if test="otherImg2 != null" >
        other_img2,
      </if>
      <if test="createTime != null" >
        create_time,
      </if>
      <if test="updateTime != null" >
        update_time,
      </if>
    </trim>
    <trim prefix="values (" suffix=")" suffixOverrides="," >
      <if test="id != null" >
        #{id,jdbcType=INTEGER},
      </if>
      <if test="mobileOperator != null" >
        #{mobileOperator,jdbcType=VARCHAR},
      </if>
      <if test="companyLogo != null" >
        #{companyLogo,jdbcType=VARCHAR},
      </if>
      <if test="administrativeCode != null" >
        #{administrativeCode,jdbcType=VARCHAR},
      </if>
      <if test="birthday != null" >
        #{birthday,jdbcType=DATE},
      </if>
      <if test="country != null" >
        #{country,jdbcType=VARCHAR},
      </if>
      <if test="national != null" >
        #{national,jdbcType=VARCHAR},
      </if>
      <if test="drivingLicenceNumber != null" >
        #{drivingLicenceNumber,jdbcType=VARCHAR},
      </if>
      <if test="maritalStatus != null" >
        #{maritalStatus,jdbcType=VARCHAR},
      </if>
      <if test="foreignLanguageAbility != null" >
        #{foreignLanguageAbility,jdbcType=VARCHAR},
      </if>
      <if test="appVersion != null" >
        #{appVersion,jdbcType=VARCHAR},
      </if>
      <if test="mapType != null" >
        #{mapType,jdbcType=VARCHAR},
      </if>
      <if test="educationBackground != null" >
        #{educationBackground,jdbcType=VARCHAR},
      </if>
      <if test="householdRegistrationAuthority != null" >
        #{householdRegistrationAuthority,jdbcType=VARCHAR},
      </if>
      <if test="registeredPermanentResidenceAddress != null" >
        #{registeredPermanentResidenceAddress,jdbcType=VARCHAR},
      </if>
      <if test="address != null" >
        #{address,jdbcType=VARCHAR},
      </if>
      <if test="addressLongitude != null" >
        #{addressLongitude,jdbcType=VARCHAR},
      </if>
      <if test="addressLatitude != null" >
        #{addressLatitude,jdbcType=VARCHAR},
      </if>
      <if test="driverImgFileNumber != null" >
        #{driverImgFileNumber,jdbcType=VARCHAR},
      </if>
      <if test="driverLicense != null" >
        #{driverLicense,jdbcType=VARCHAR},
      </if>
      <if test="driverLicenseScanCopyNumber != null" >
        #{driverLicenseScanCopyNumber,jdbcType=VARCHAR},
      </if>
      <if test="drivingType != null" >
        #{drivingType,jdbcType=VARCHAR},
      </if>
      <if test="firstGetDriverLicenseDate != null" >
        #{firstGetDriverLicenseDate,jdbcType=DATE},
      </if>
      <if test="driverLicenseValidityStart != null" >
        #{driverLicenseValidityStart,jdbcType=DATE},
      </if>
      <if test="driverLicenseValidityEnd != null" >
        #{driverLicenseValidityEnd,jdbcType=DATE},
      </if>
      <if test="isTaxiDriver != null" >
        #{isTaxiDriver,jdbcType=INTEGER},
      </if>
      <if test="networkReservationTaxiDriverLicenseNumber != null" >
        #{networkReservationTaxiDriverLicenseNumber,jdbcType=VARCHAR},
      </if>
      <if test="networkReservationTaxiDriverLicenseIssuingAgencies != null" >
        #{networkReservationTaxiDriverLicenseIssuingAgencies,jdbcType=VARCHAR},
      </if>
      <if test="certificateIssuingDate != null" >
        #{certificateIssuingDate,jdbcType=DATE},
      </if>
      <if test="firstQualificationDate != null" >
        #{firstQualificationDate,jdbcType=DATE},
      </if>
      <if test="qualificationCertificateValidityStart != null" >
        #{qualificationCertificateValidityStart,jdbcType=DATE},
      </if>
      <if test="qualificationCertificateValidityEnd != null" >
        #{qualificationCertificateValidityEnd,jdbcType=DATE},
      </if>
      <if test="reportedDate != null" >
        #{reportedDate,jdbcType=DATE},
      </if>
      <if test="isFullTimeDriver != null" >
        #{isFullTimeDriver,jdbcType=INTEGER},
      </if>
      <if test="isInDriverBlacklist != null" >
        #{isInDriverBlacklist,jdbcType=INTEGER},
      </if>
      <if test="serviceType != null" >
        #{serviceType,jdbcType=INTEGER},
      </if>
      <if test="company != null" >
        #{company,jdbcType=VARCHAR},
      </if>
      <if test="contractStartDate != null" >
        #{contractStartDate,jdbcType=DATE},
      </if>
      <if test="contractEndDate != null" >
        #{contractEndDate,jdbcType=DATE},
      </if>
      <if test="emergencyContact != null" >
        #{emergencyContact,jdbcType=VARCHAR},
      </if>
      <if test="emergencyContactPhoneNumber != null" >
        #{emergencyContactPhoneNumber,jdbcType=VARCHAR},
      </if>
      <if test="emergencyContactAddress != null" >
        #{emergencyContactAddress,jdbcType=VARCHAR},
      </if>
      <if test="trainingCourses != null" >
        #{trainingCourses,jdbcType=VARCHAR},
      </if>
      <if test="trainingCoursesDate != null" >
        #{trainingCoursesDate,jdbcType=DATE},
      </if>
      <if test="trainingCoursesStartDate != null" >
        #{trainingCoursesStartDate,jdbcType=DATE},
      </if>
      <if test="trainingCoursesEndDate != null" >
        #{trainingCoursesEndDate,jdbcType=DATE},
      </if>
      <if test="trainingCoursesTime != null" >
        #{trainingCoursesTime,jdbcType=INTEGER},
      </if>
      <if test="bankName != null" >
        #{bankName,jdbcType=VARCHAR},
      </if>
      <if test="bankCardNumber != null" >
        #{bankCardNumber,jdbcType=VARCHAR},
      </if>
      <if test="note != null" >
        #{note,jdbcType=VARCHAR},
      </if>
      <if test="qualificationCertificateImg != null" >
        #{qualificationCertificateImg,jdbcType=VARCHAR},
      </if>
      <if test="otherImg1 != null" >
        #{otherImg1,jdbcType=VARCHAR},
      </if>
      <if test="otherImg2 != null" >
        #{otherImg2,jdbcType=VARCHAR},
      </if>
      <if test="createTime != null" >
        #{createTime,jdbcType = TIMESTAMP},
      </if>
      <if test="updateTime != null" >
        #{updateTime,jdbcType = TIMESTAMP}
      </if>
    </trim>
  </insert>
  <update id="updateByPrimaryKeySelective" parameterType="com.online.taxi.entity.DriverBaseInfo" >
    <!--
      WARNING - @mbggenerated
      This element is automatically generated by MyBatis Generator, do not modify.
    -->
    update tbl_driver_base_info
    <set >
      <if test="mobileOperator != null" >
        mobile_operator = #{mobileOperator,jdbcType=VARCHAR},
      </if>
      <if test="companyLogo != null" >
        company_logo = #{companyLogo,jdbcType=VARCHAR},
      </if>
      <if test="administrativeCode != null" >
        administrative_code = #{administrativeCode,jdbcType=VARCHAR},
      </if>
      <if test="birthday != null" >
        birthday = #{birthday,jdbcType=DATE},
      </if>
      <if test="country != null" >
        country = #{country,jdbcType=VARCHAR},
      </if>
      <if test="national != null" >
        national = #{national,jdbcType=VARCHAR},
      </if>
      <if test="drivingLicenceNumber != null" >
        driving_licence_number = #{drivingLicenceNumber,jdbcType=VARCHAR},
      </if>
      <if test="maritalStatus != null" >
        marital_status = #{maritalStatus,jdbcType=VARCHAR},
      </if>
      <if test="foreignLanguageAbility != null" >
        foreign_language_ability = #{foreignLanguageAbility,jdbcType=VARCHAR},
      </if>
      <if test="appVersion != null" >
        app_version = #{appVersion,jdbcType=VARCHAR},
      </if>
      <if test="mapType != null" >
        map_type = #{mapType,jdbcType=VARCHAR},
      </if>
      <if test="educationBackground != null" >
        education_background = #{educationBackground,jdbcType=VARCHAR},
      </if>
      <if test="householdRegistrationAuthority != null" >
        household_registration_authority = #{householdRegistrationAuthority,jdbcType=VARCHAR},
      </if>
      <if test="registeredPermanentResidenceAddress != null" >
        registered_permanent_residence_address = #{registeredPermanentResidenceAddress,jdbcType=VARCHAR},
      </if>
      <if test="address != null" >
        address = #{address,jdbcType=VARCHAR},
      </if>
      <if test="addressLongitude != null" >
        address_longitude = #{addressLongitude,jdbcType=VARCHAR},
      </if>
      <if test="addressLatitude != null" >
        address_latitude = #{addressLatitude,jdbcType=VARCHAR},
      </if>
      <if test="driverImgFileNumber != null" >
        driver_img_file_number = #{driverImgFileNumber,jdbcType=VARCHAR},
      </if>
      <if test="driverLicense != null" >
        driver_license = #{driverLicense,jdbcType=VARCHAR},
      </if>
      <if test="driverLicenseScanCopyNumber != null" >
        driver_license_scan_copy_number = #{driverLicenseScanCopyNumber,jdbcType=VARCHAR},
      </if>
      <if test="drivingType != null" >
        driving_type = #{drivingType,jdbcType=VARCHAR},
      </if>
      <if test="firstGetDriverLicenseDate != null" >
        first_get_driver_license_date = #{firstGetDriverLicenseDate,jdbcType=DATE},
      </if>
      <if test="driverLicenseValidityStart != null" >
        driver_license_validity_start = #{driverLicenseValidityStart,jdbcType=DATE},
      </if>
      <if test="driverLicenseValidityEnd != null" >
        driver_license_validity_end = #{driverLicenseValidityEnd,jdbcType=DATE},
      </if>
      <if test="isTaxiDriver != null" >
        is_taxi_driver = #{isTaxiDriver,jdbcType=INTEGER},
      </if>
      <if test="networkReservationTaxiDriverLicenseNumber != null" >
        network_reservation_taxi_driver_license_number = #{networkReservationTaxiDriverLicenseNumber,jdbcType=VARCHAR},
      </if>
      <if test="networkReservationTaxiDriverLicenseIssuingAgencies != null" >
        network_reservation_taxi_driver_license_issuing_agencies = #{networkReservationTaxiDriverLicenseIssuingAgencies,jdbcType=VARCHAR},
      </if>
      <if test="certificateIssuingDate != null" >
        certificate_issuing_date = #{certificateIssuingDate,jdbcType=DATE},
      </if>
      <if test="firstQualificationDate != null" >
        first_qualification_date = #{firstQualificationDate,jdbcType=DATE},
      </if>
      <if test="qualificationCertificateValidityStart != null" >
        qualification_certificate_validity_start = #{qualificationCertificateValidityStart,jdbcType=DATE},
      </if>
      <if test="qualificationCertificateValidityEnd != null" >
        qualification_certificate_validity_end = #{qualificationCertificateValidityEnd,jdbcType=DATE},
      </if>
      <if test="reportedDate != null" >
        reported_date = #{reportedDate,jdbcType=DATE},
      </if>
      <if test="isFullTimeDriver != null" >
        is_full_time_driver = #{isFullTimeDriver,jdbcType=INTEGER},
      </if>
      <if test="isInDriverBlacklist != null" >
        is_in_driver_blacklist = #{isInDriverBlacklist,jdbcType=INTEGER},
      </if>
      <if test="serviceType != null" >
        service_type = #{serviceType,jdbcType=INTEGER},
      </if>
      <if test="company != null" >
        company = #{company,jdbcType=VARCHAR},
      </if>
      <if test="contractStartDate != null" >
        contract_start_date = #{contractStartDate,jdbcType=DATE},
      </if>
      <if test="contractEndDate != null" >
        contract_end_date = #{contractEndDate,jdbcType=DATE},
      </if>
      <if test="emergencyContact != null" >
        emergency_contact = #{emergencyContact,jdbcType=VARCHAR},
      </if>
      <if test="emergencyContactPhoneNumber != null" >
        emergency_contact_phone_number = #{emergencyContactPhoneNumber,jdbcType=VARCHAR},
      </if>
      <if test="emergencyContactAddress != null" >
        emergency_contact_address = #{emergencyContactAddress,jdbcType=VARCHAR},
      </if>
      <if test="trainingCourses != null" >
        training_courses = #{trainingCourses,jdbcType=VARCHAR},
      </if>
      <if test="trainingCoursesDate != null" >
        training_courses_date = #{trainingCoursesDate,jdbcType=DATE},
      </if>
      <if test="trainingCoursesStartDate != null" >
        training_courses_start_date = #{trainingCoursesStartDate,jdbcType=DATE},
      </if>
      <if test="trainingCoursesEndDate != null" >
        training_courses_end_date = #{trainingCoursesEndDate,jdbcType=DATE},
      </if>
      <if test="trainingCoursesTime != null" >
        training_courses_time = #{trainingCoursesTime,jdbcType=INTEGER},
      </if>
      <if test="bankName != null" >
        bank_name = #{bankName,jdbcType=VARCHAR},
      </if>
      <if test="bankCardNumber != null" >
        bank_card_number = #{bankCardNumber,jdbcType=VARCHAR},
      </if>
      <if test="note != null" >
        note = #{note,jdbcType=VARCHAR},
      </if>
      <if test="qualificationCertificateImg != null" >
        qualification_certificate_img = #{qualificationCertificateImg,jdbcType=VARCHAR},
      </if>
      <if test="otherImg1 != null" >
        other_img1 = #{otherImg1,jdbcType=VARCHAR},
      </if>
      <if test="otherImg2 != null" >
        other_img2 = #{otherImg2,jdbcType=VARCHAR},
      </if>
      <if test="updateTime != null" >
        update_time = #{updateTime,jdbcType=TIMESTAMP},
      </if>
    </set>
    where id = #{id,jdbcType=INTEGER}
  </update>
  <update id="updateByPrimaryKey" parameterType="com.online.taxi.entity.DriverBaseInfo" >
    <!--
      WARNING - @mbggenerated
      This element is automatically generated by MyBatis Generator, do not modify.
    -->
    update tbl_driver_base_info
    set
      mobile_operator = #{mobileOperator,jdbcType=VARCHAR},
      company_logo = #{companyLogo,jdbcType=VARCHAR},
      administrative_code = #{administrativeCode,jdbcType=VARCHAR},
      birthday = #{birthday,jdbcType=DATE},
      country = #{country,jdbcType=VARCHAR},
      national = #{national,jdbcType=VARCHAR},
      driving_licence_number = #{drivingLicenceNumber,jdbcType=VARCHAR},
      marital_status = #{maritalStatus,jdbcType=VARCHAR},
      foreign_language_ability = #{foreignLanguageAbility,jdbcType=VARCHAR},
      app_version = #{appVersion,jdbcType=VARCHAR},
      map_type = #{mapType,jdbcType=VARCHAR},
      education_background = #{educationBackground,jdbcType=VARCHAR},
      household_registration_authority = #{householdRegistrationAuthority,jdbcType=VARCHAR},
      registered_permanent_residence_address = #{registeredPermanentResidenceAddress,jdbcType=VARCHAR},
      address = #{address,jdbcType=VARCHAR},
      address_longitude = #{addressLongitude,jdbcType=VARCHAR},
      address_latitude = #{addressLatitude,jdbcType=VARCHAR},
      driver_img_file_number = #{driverImgFileNumber,jdbcType=VARCHAR},
      driver_license = #{driverLicense,jdbcType=VARCHAR},
      driver_license_scan_copy_number = #{driverLicenseScanCopyNumber,jdbcType=VARCHAR},
      driving_type = #{drivingType,jdbcType=VARCHAR},
      first_get_driver_license_date = #{firstGetDriverLicenseDate,jdbcType=DATE},
      driver_license_validity_start = #{driverLicenseValidityStart,jdbcType=DATE},
      driver_license_validity_end = #{driverLicenseValidityEnd,jdbcType=DATE},
      is_taxi_driver = #{isTaxiDriver,jdbcType=INTEGER},
      network_reservation_taxi_driver_license_number = #{networkReservationTaxiDriverLicenseNumber,jdbcType=VARCHAR},
      network_reservation_taxi_driver_license_issuing_agencies = #{networkReservationTaxiDriverLicenseIssuingAgencies,jdbcType=VARCHAR},
      certificate_issuing_date = #{certificateIssuingDate,jdbcType=DATE},
      first_qualification_date = #{firstQualificationDate,jdbcType=DATE},
      qualification_certificate_validity_start = #{qualificationCertificateValidityStart,jdbcType=DATE},
      qualification_certificate_validity_end = #{qualificationCertificateValidityEnd,jdbcType=DATE},
      reported_date = #{reportedDate,jdbcType=DATE},
      is_full_time_driver = #{isFullTimeDriver,jdbcType=INTEGER},
      is_in_driver_blacklist = #{isInDriverBlacklist,jdbcType=INTEGER},
      service_type = #{serviceType,jdbcType=INTEGER},
      company = #{company,jdbcType=VARCHAR},
      contract_start_date = #{contractStartDate,jdbcType=DATE},
      contract_end_date = #{contractEndDate,jdbcType=DATE},
      emergency_contact = #{emergencyContact,jdbcType=VARCHAR},
      emergency_contact_phone_number = #{emergencyContactPhoneNumber,jdbcType=VARCHAR},
      emergency_contact_address = #{emergencyContactAddress,jdbcType=VARCHAR},
      training_courses = #{trainingCourses,jdbcType=VARCHAR},
      training_courses_date = #{trainingCoursesDate,jdbcType=DATE},
      training_courses_start_date = #{trainingCoursesStartDate,jdbcType=DATE},
      training_courses_end_date = #{trainingCoursesEndDate,jdbcType=DATE},
      training_courses_time = #{trainingCoursesTime,jdbcType=INTEGER},
      bank_name = #{bankName,jdbcType=VARCHAR},
      note = #{note,jdbcType=VARCHAR},
      qualification_certificate_img = #{qualificationCertificateImg,jdbcType=VARCHAR},
      other_img1 = #{otherImg1,jdbcType=VARCHAR},
      other_img2 = #{otherImg2,jdbcType=VARCHAR},
    update_time = #{updateTime,jdbcType=TIMESTAMP}
    where id = #{id,jdbcType=INTEGER}
  </update>
</mapper>
