<?xml version="1.0" encoding="UTF-8" ?>
<!DOCTYPE mapper PUBLIC "-//mybatis.org//DTD Mapper 3.0//EN" "http://mybatis.org/dtd/mybatis-3-mapper.dtd" >
<mapper namespace="com.online.taxi.mapper.DriverLicenceInfoMapper" >
  <resultMap id="BaseResultMap" type="com.online.taxi.entity.DriverLicenceInfo" >
    <!--
      WARNING - @mbggenerated
      This element is automatically generated by MyBatis Generator, do not modify.
    -->
    <id column="id" property="id" jdbcType="INTEGER" />
    <result column="driver_id" property="driverId" jdbcType="INTEGER" />
    <result column="main_driving_license" property="mainDrivingLicense" jdbcType="VARCHAR" />
    <result column="vice_driving_license" property="viceDrivingLicense" jdbcType="VARCHAR" />
    <result column="all_driving_license" property="allDrivingLicense" jdbcType="VARCHAR" />
    <result column="group_driving_license" property="groupDrivingLicense" jdbcType="VARCHAR" />
    <result column="identity_card_id" property="identityCardId" jdbcType="VARCHAR" />
    <result column="main_idcard_license" property="mainIdcardLicense" jdbcType="VARCHAR" />
    <result column="vice_idcard_license" property="viceIdcardLicense" jdbcType="VARCHAR" />
    <result column="group_idcard_license" property="groupIdcardLicense" jdbcType="VARCHAR" />
    <result column="plate_number" property="plateNumber" jdbcType="VARCHAR" />
    <result column="create_time" property="createTime" jdbcType="TIMESTAMP" />
  </resultMap>
  <sql id="Base_Column_List" >
    <!--
      WARNING - @mbggenerated
      This element is automatically generated by MyBatis Generator, do not modify.
    -->
    id, driver_id, main_driving_license, vice_driving_license, all_driving_license,
    group_driving_license, identity_card_id, main_idcard_license, vice_idcard_license,
    group_idcard_license, plate_number,create_time
  </sql>
  <select id="selectByPrimaryKey" resultMap="BaseResultMap" parameterType="java.lang.Integer" >
    <!--
      WARNING - @mbggenerated
      This element is automatically generated by MyBatis Generator, do not modify.
    -->
    select
    <include refid="Base_Column_List" />
    from tbl_driver_licence_info
    where id = #{id,jdbcType=INTEGER}
  </select>
  <select id="selectByDriverId" resultMap="BaseResultMap" parameterType="java.lang.Integer" >
    <!--
      WARNING - @mbggenerated
      This element is automatically generated by MyBatis Generator, do not modify.
    -->
    select
    <include refid="Base_Column_List" />
    from tbl_driver_licence_info
    where driver_id = #{driverId,jdbcType=INTEGER}
  </select>
  <delete id="deleteByPrimaryKey" parameterType="java.lang.Integer" >
    <!--
      WARNING - @mbggenerated
      This element is automatically generated by MyBatis Generator, do not modify.
    -->
    delete from tbl_driver_licence_info
    where id = #{id,jdbcType=INTEGER}
  </delete>
  <insert id="insert" parameterType="com.online.taxi.entity.DriverLicenceInfo" useGeneratedKeys="true" keyProperty="id" >
    <!--
      WARNING - @mbggenerated
      This element is automatically generated by MyBatis Generator, do not modify.
    -->
    insert into tbl_driver_licence_info (driver_id,, main_driving_license,
      vice_driving_license, all_driving_license,
      group_driving_license, identity_card_id,
      main_idcard_license, vice_idcard_license, group_idcard_license,
      plate_number, create_time,)
    values (#{driverId,jdbcType=INTEGER}, #{mainDrivingLicense,jdbcType=VARCHAR},
      #{viceDrivingLicense,jdbcType=VARCHAR}, #{allDrivingLicense,jdbcType=VARCHAR},
      #{groupDrivingLicense,jdbcType=VARCHAR}, #{identityCardId,jdbcType=VARCHAR},
      #{mainIdcardLicense,jdbcType=VARCHAR}, #{viceIdcardLicense,jdbcType=VARCHAR}, #{groupIdcardLicense,jdbcType=VARCHAR},
      #{plateNumber,jdbcType=VARCHAR}, #{createTime,jdbcType=TIMESTAMP})
  </insert>
  <insert id="insertSelective" parameterType="com.online.taxi.entity.DriverLicenceInfo" useGeneratedKeys="true" keyProperty="id" >
    <!--
      WARNING - @mbggenerated
      This element is automatically generated by MyBatis Generator, do not modify.
    -->
    insert into tbl_driver_licence_info
    <trim prefix="(" suffix=")" suffixOverrides="," >
      <if test="driverId != null" >
        driver_id,
      </if>
      <if test="mainDrivingLicense != null" >
        main_driving_license,
      </if>
      <if test="viceDrivingLicense != null" >
        vice_driving_license,
      </if>
      <if test="allDrivingLicense != null" >
        all_driving_license,
      </if>
      <if test="groupDrivingLicense != null" >
        group_driving_license,
      </if>
      <if test="identityCardId != null" >
        identity_card_id,
      </if>
      <if test="mainIdcardLicense != null" >
        main_idcard_license,
      </if>
      <if test="viceIdcardLicense != null" >
        vice_idcard_license,
      </if>
      <if test="groupIdcardLicense != null" >
        group_idcard_license,
      </if>
      <if test="plateNumber != null" >
        plate_number,
      </if>
      <if test="createTime != null" >
        create_time,
      </if>
    </trim>
    <trim prefix="values (" suffix=")" suffixOverrides="," >
      <if test="driverId != null" >
        #{driverId,jdbcType=INTEGER},
      </if>
      <if test="mainDrivingLicense != null" >
        #{mainDrivingLicense,jdbcType=VARCHAR},
      </if>
      <if test="viceDrivingLicense != null" >
        #{viceDrivingLicense,jdbcType=VARCHAR},
      </if>
      <if test="allDrivingLicense != null" >
        #{allDrivingLicense,jdbcType=VARCHAR},
      </if>
      <if test="groupDrivingLicense != null" >
        #{groupDrivingLicense,jdbcType=VARCHAR},
      </if>
      <if test="identityCardId != null" >
        #{identityCardId,jdbcType=VARCHAR},
      </if>
      <if test="mainIdcardLicense != null" >
        #{mainIdcardLicense,jdbcType=VARCHAR},
      </if>
      <if test="viceIdcardLicense != null" >
        #{viceIdcardLicense,jdbcType=VARCHAR},
      </if>
      <if test="groupIdcardLicense != null" >
        #{groupIdcardLicense,jdbcType=VARCHAR},
      </if>
      <if test="plateNumber != null" >
        #{plateNumber,jdbcType=VARCHAR},
      </if>
      <if test="createTime != null" >
        #{createTime,jdbcType=TIMESTAMP},
      </if>
    </trim>
  </insert>
  <update id="updateByPrimaryKeySelective" parameterType="com.online.taxi.entity.DriverLicenceInfo" >
    <!--
      WARNING - @mbggenerated
      This element is automatically generated by MyBatis Generator, do not modify.
    -->
    update tbl_driver_licence_info
    <set >
      <if test="driverId != null" >
        driver_id = #{driverId,jdbcType=INTEGER},
      </if>
      <if test="mainDrivingLicense != null" >
        main_driving_license = #{mainDrivingLicense,jdbcType=VARCHAR},
      </if>
      <if test="viceDrivingLicense != null" >
        vice_driving_license = #{viceDrivingLicense,jdbcType=VARCHAR},
      </if>
      <if test="allDrivingLicense != null" >
        all_driving_license = #{allDrivingLicense,jdbcType=VARCHAR},
      </if>
      <if test="groupDrivingLicense != null" >
        group_driving_license = #{groupDrivingLicense,jdbcType=VARCHAR},
      </if>
      <if test="identityCardId != null" >
        identity_card_id = #{identityCardId,jdbcType=VARCHAR},
      </if>
      <if test="mainIdcardLicense != null" >
        main_idcard_license = #{mainIdcardLicense,jdbcType=VARCHAR},
      </if>
      <if test="viceIdcardLicense != null" >
        vice_idcard_license = #{viceIdcardLicense,jdbcType=VARCHAR},
      </if>
      <if test="groupIdcardLicense != null" >
        group_idcard_license = #{groupIdcardLicense,jdbcType=VARCHAR},
      </if>
      <if test="plateNumber != null" >
        plate_number = #{plateNumber,jdbcType=VARCHAR},
      </if>
    </set>
    where id = #{id,jdbcType=INTEGER}
  </update>
  <update id="updateByDriverIdSelective" parameterType="com.online.taxi.entity.DriverLicenceInfo" >
    <!--
      WARNING - @mbggenerated
      This element is automatically generated by MyBatis Generator, do not modify.
    -->
    update tbl_driver_licence_info
    <set >
      <if test="mainDrivingLicense != null" >
        main_driving_license = #{mainDrivingLicense,jdbcType=VARCHAR},
      </if>
      <if test="viceDrivingLicense != null" >
        vice_driving_license = #{viceDrivingLicense,jdbcType=VARCHAR},
      </if>
      <if test="allDrivingLicense != null" >
        all_driving_license = #{allDrivingLicense,jdbcType=VARCHAR},
      </if>
      <if test="groupDrivingLicense != null" >
        group_driving_license = #{groupDrivingLicense,jdbcType=VARCHAR},
      </if>
      <if test="identityCardId != null" >
        identity_card_id = #{identityCardId,jdbcType=VARCHAR},
      </if>
      <if test="mainIdcardLicense != null" >
        main_idcard_license = #{mainIdcardLicense,jdbcType=VARCHAR},
      </if>
      <if test="viceIdcardLicense != null" >
        vice_idcard_license = #{viceIdcardLicense,jdbcType=VARCHAR},
      </if>
      <if test="groupIdcardLicense != null" >
        group_idcard_license = #{groupIdcardLicense,jdbcType=VARCHAR},
      </if>
      <if test="plateNumber != null" >
        plate_number = #{plateNumber,jdbcType=VARCHAR},
      </if>
    </set>
    where driver_id = #{driverId,jdbcType=INTEGER}
  </update>
  <update id="updateByPrimaryKey" parameterType="com.online.taxi.entity.DriverLicenceInfo" >
    <!--
      WARNING - @mbggenerated
      This element is automatically generated by MyBatis Generator, do not modify.
    -->
    update tbl_driver_licence_info
    set driver_id = #{driverId,jdbcType=INTEGER},
      main_driving_license = #{mainDrivingLicense,jdbcType=VARCHAR},
      vice_driving_license = #{viceDrivingLicense,jdbcType=VARCHAR},
      all_driving_license = #{allDrivingLicense,jdbcType=VARCHAR},
      group_driving_license = #{groupDrivingLicense,jdbcType=VARCHAR},
      identity_card_id = #{identityCardId,jdbcType=VARCHAR},
      main_idcard_license = #{mainIdcardLicense,jdbcType=VARCHAR},
      vice_idcard_license = #{viceIdcardLicense,jdbcType=VARCHAR},
      group_idcard_license = #{groupIdcardLicense,jdbcType=VARCHAR},
      plate_number = #{plateNumber,jdbcType=VARCHAR}
    where id = #{id,jdbcType=INTEGER}
  </update>
</mapper>
