<?xml version="1.0" encoding="UTF-8" ?>
<!DOCTYPE mapper PUBLIC "-//mybatis.org//DTD Mapper 3.0//EN" "http://mybatis.org/dtd/mybatis-3-mapper.dtd" >
<mapper namespace="com.online.taxi.mapper.DriverInfoMapper">
    <resultMap id="BaseResultMap" type="com.online.taxi.entity.DriverInfo">
        <!--
          WARNING - @mbggenerated
          This element is automatically generated by MyBatis Generator, do not modify.
        -->
        <id column="id" property="id" jdbcType="INTEGER"/>
        <result column="phone_number" property="phoneNumber" jdbcType="VARCHAR"/>
        <result column="driver_leader" property="driverLeader" jdbcType="INTEGER"/>
        <result column="driver_name" property="driverName" jdbcType="VARCHAR"/>
        <result column="register_time" property="registerTime" jdbcType="TIMESTAMP"/>
        <result column="balance" property="balance" jdbcType="DECIMAL"/>
        <result column="gender" property="gender" jdbcType="INTEGER"/>
        <result column="car_id" property="carId" jdbcType="INTEGER"/>
        <result column="is_following" property="isFollowing" jdbcType="INTEGER"/>
        <result column="work_status" property="workStatus" jdbcType="INTEGER"/>
        <result column="head_img" property="headImg" jdbcType="VARCHAR"/>
        <result column="city_code" property="cityCode" jdbcType="VARCHAR"/>
        <result column="bind_time" property="bindTime" jdbcType="TIMESTAMP"/>
        <result column="use_status" property="useStatus" jdbcType="INTEGER"/>
        <result column="cs_work_status" property="csWorkStatus" jdbcType="INTEGER"/>
        <result column="sign_status" property="signStatus" jdbcType="INTEGER"/>
        <result column="tags" property="tags" jdbcType="VARCHAR"/>
        <result column="update_time" property="updateTime" jdbcType="TIMESTAMP"/>
        <result column="create_time" property="createTime" jdbcType="TIMESTAMP"/>
    </resultMap>
    <sql id="Base_Column_List">
        <!--
          WARNING - @mbggenerated
          This element is automatically generated by MyBatis Generator, do not modify.
        -->
        id, phone_number, driver_leader,driver_name, register_time, balance, gender, car_id, is_following,
        work_status, head_img, city_code, bind_time, use_status, cs_work_status, sign_status, tags,
        update_time,create_time
    </sql>
    <select id="selectByPrimaryKey" resultMap="BaseResultMap" parameterType="java.lang.Integer">
        <!--
          WARNING - @mbggenerated
          This element is automatically generated by MyBatis Generator, do not modify.
        -->
        select
        <include refid="Base_Column_List"/>
        from tbl_driver_info
        where id = #{id,jdbcType=INTEGER}
    </select>
    <select id="selectByPrimaryKeyList" resultMap="BaseResultMap" parameterType="java.util.List">
        <!--
          WARNING - @mbggenerated
          This element is automatically generated by MyBatis Generator, do not modify.
        -->
        select
        <include refid="Base_Column_List"/>
        from tbl_driver_info

    </select>
    <delete id="deleteByPrimaryKey" parameterType="java.lang.Integer">
        <!--
          WARNING - @mbggenerated
          This element is automatically generated by MyBatis Generator, do not modify.
        -->
        delete from tbl_driver_info
        where id = #{id,jdbcType=INTEGER}
    </delete>
    <insert id="insert" parameterType="com.online.taxi.entity.DriverInfo" useGeneratedKeys="true"
            keyProperty="id">
        <!--
          WARNING - @mbggenerated
          This element is automatically generated by MyBatis Generator, do not modify.
        -->
        insert into tbl_driver_info (phone_number,driver_leader, driver_name, register_time,
        balance, gender, car_id,
        is_following, work_status, head_img,
        city_code, bind_time, use_status,
        cs_work_status, sign_status, tags, update_time,create_time
        )
        values (#{phoneNumber,jdbcType=VARCHAR},#{driverLeader,jdbcType=INTEGER}, #{driverName,jdbcType=VARCHAR},
        #{registerTime,jdbcType=TIMESTAMP},
        #{balance,jdbcType=DECIMAL}, #{gender,jdbcType=INTEGER}, #{carId,jdbcType=INTEGER},
        #{isFollowing,jdbcType=INTEGER}, #{workStatus,jdbcType=INTEGER}, #{headImg,jdbcType=VARCHAR},
        #{cityCode,jdbcType=VARCHAR}, #{bindTime,jdbcType=TIMESTAMP}, #{useStatus,jdbcType=INTEGER},
        #{csWorkStatus,jdbcType=INTEGER}, #{signStatus,jdbcType=INTEGER}, #{updateTime,jdbcType=TIMESTAMP}, #{tags},
        #{createTime,jdbcType=TIMESTAMP}
        )
    </insert>
    <insert id="insertSelective" parameterType="com.online.taxi.entity.DriverInfo" useGeneratedKeys="true"
            keyProperty="id">
        <!--
          WARNING - @mbggenerated
          This element is automatically generated by MyBatis Generator, do not modify.
        -->
        insert into tbl_driver_info
        <trim prefix="(" suffix=")" suffixOverrides=",">
            <if test="phoneNumber != null">
                phone_number,
            </if>
            <if test="driverLeader != null">
                driver_leader,
            </if>
            <if test="driverName != null">
                driver_name,
            </if>
            <if test="registerTime != null">
                register_time,
            </if>
            <if test="balance != null">
                balance,
            </if>
            <if test="gender != null">
                gender,
            </if>
            <if test="carId != null">
                car_id,
            </if>
            <if test="isFollowing != null">
                is_following,
            </if>
            <if test="workStatus != null">
                work_status,
            </if>
            <if test="headImg != null">
                head_img,
            </if>
            <if test="cityCode != null">
                city_code,
            </if>
            <if test="bindTime != null">
                bind_time,
            </if>
            <if test="useStatus != null">
                use_status,
            </if>
            <if test="csWorkStatus != null">
                cs_work_status,
            </if>
            <if test="signStatus != null">
                sign_status,
            </if>
            <if test="tags != null">
                tags,
            </if>
            <if test="createTime != null">
                create_time,
            </if>

        </trim>
        <trim prefix="values (" suffix=")" suffixOverrides=",">
            <if test="phoneNumber != null">
                #{phoneNumber,jdbcType=VARCHAR},
            </if>
            <if test="driverLeader != null">
                #{driverLeader,jdbcType=INTEGER},
            </if>
            <if test="driverName != null">
                #{driverName,jdbcType=VARCHAR},
            </if>
            <if test="registerTime != null">
                #{registerTime,jdbcType=TIMESTAMP},
            </if>
            <if test="balance != null">
                #{balance,jdbcType=DECIMAL},
            </if>
            <if test="gender != null">
                #{gender,jdbcType=INTEGER},
            </if>
            <if test="carId != null">
                #{carId,jdbcType=INTEGER},
            </if>
            <if test="isFollowing != null">
                #{isFollowing,jdbcType=INTEGER},
            </if>
            <if test="workStatus != null">
                #{workStatus,jdbcType=INTEGER},
            </if>
            <if test="headImg != null">
                #{headImg,jdbcType=VARCHAR},
            </if>
            <if test="cityCode != null">
                #{cityCode,jdbcType=VARCHAR},
            </if>
            <if test="bindTime != null">
                #{bindTime,jdbcType=TIMESTAMP},
            </if>
            <if test="useStatus != null">
                #{useStatus,jdbcType=INTEGER},
            </if>
            <if test="csWorkStatus != null">
                #{csWorkStatus,jdbcType=INTEGER},
            </if>
            <if test="signStatus != null">
                #{signStatus,jdbcType=INTEGER},
            </if>
            <if test="tags != null">
                #{tags},
            </if>
            <if test="createTime != null">
                #{createTime,jdbcType=TIMESTAMP},
            </if>
        </trim>
    </insert>
    <update id="updateByPrimaryKeySelective" parameterType="com.online.taxi.entity.DriverInfo">
        <!--
          WARNING - @mbggenerated
          This element is automatically generated by MyBatis Generator, do not modify.
        -->
        update tbl_driver_info
        <set>
            <if test="phoneNumber != null">
                phone_number = #{phoneNumber,jdbcType=VARCHAR},
            </if>
            <if test="driverLeader != null">
                driver_leader = #{driverLeader,jdbcType=INTEGER},
            </if>
            <if test="driverName != null">
                driver_name = #{driverName,jdbcType=VARCHAR},
            </if>
            <if test="registerTime != null">
                register_time = #{registerTime,jdbcType=TIMESTAMP},
            </if>
            <if test="balance != null">
                balance = #{balance,jdbcType=DECIMAL},
            </if>
            <if test="gender != null">
                gender = #{gender,jdbcType=INTEGER},
            </if>
            <if test="carId != null">
                car_id = #{carId,jdbcType=INTEGER},
            </if>
            <if test="isFollowing != null">
                is_following = #{isFollowing,jdbcType=INTEGER},
            </if>
            <if test="workStatus != null">
                work_status = #{workStatus,jdbcType=INTEGER},
            </if>
            <if test="headImg != null">
                head_img = #{headImg,jdbcType=VARCHAR},
            </if>
            <if test="cityCode != null">
                city_code = #{cityCode,jdbcType=VARCHAR},
            </if>
            <if test="bindTime != null">
                bind_time = #{bindTime,jdbcType=TIMESTAMP},
            </if>
            <if test="useStatus != null">
                use_status = #{useStatus,jdbcType=INTEGER},
            </if>
            <if test="csWorkStatus != null">
                cs_work_status = #{csWorkStatus,jdbcType=INTEGER},
            </if>
            <if test="signStatus != null">
                sign_status = #{signStatus,jdbcType=INTEGER},
            </if>
            <if test="tags != null">
                tags = #{tags},
            </if>
            <if test="updateTime != null">
                update_time = #{updateTime,jdbcType=TIMESTAMP},
            </if>
        </set>
        where id = #{id,jdbcType=INTEGER}
    </update>
    <update id="updateByPrimaryKey" parameterType="com.online.taxi.entity.DriverInfo">
        <!--
          WARNING - @mbggenerated
          This element is automatically generated by MyBatis Generator, do not modify.
        -->
        update tbl_driver_info
        set phone_number = #{phoneNumber,jdbcType=VARCHAR},
        driver_leader = #{driverLeader,jdbcType=INTEGER},
        driver_name = #{driverName,jdbcType=VARCHAR},
        register_time = #{registerTime,jdbcType=TIMESTAMP},
        balance = #{balance,jdbcType=DECIMAL},
        gender = #{gender,jdbcType=INTEGER},
        car_id = #{carId,jdbcType=INTEGER},
        is_following = #{isFollowing,jdbcType=INTEGER},
        work_status = #{workStatus,jdbcType=INTEGER},
        head_img = #{headImg,jdbcType=VARCHAR},
        city_code = #{cityCode,jdbcType=VARCHAR},
        bind_time = #{bindTime,jdbcType=TIMESTAMP},
        use_status = #{useStatus,jdbcType=INTEGER},
        cs_work_status = #{csWorkStatus,jdbcType=INTEGER},
        sign_status = #{signStatus,jdbcType=INTEGER},
        tags = #{tags},
        update_time = #{updateTime,jdbcType=TIMESTAMP}
        where id = #{id,jdbcType=INTEGER}
    </update>
    <update id="updateCarIdById" parameterType="com.online.taxi.entity.DriverInfo">
        <!--
          WARNING - @mbggenerated
          This element is automatically generated by MyBatis Generator, do not modify.
        -->
        update tbl_driver_info
        set
        car_id = #{carId,jdbcType=INTEGER}
        where id = #{id,jdbcType=INTEGER}
    </update>
    <update id="updateDriverInfoByPhoneNum" parameterType="com.online.taxi.entity.DriverInfo">
        update tbl_driver_info
        <set>
            <if test="phoneNumber != null">
                phone_number = #{phoneNumber},
            </if>
            <if test="driverName != null">
                driver_name = #{driverName},
            </if>
            <if test="registerTime != null">
                register_time = #{registerTime},
            </if>
            <if test="balance != null">
                balance = #{balance},
            </if>
            <if test="gender != null">
                gender = #{gender},
            </if>
            <if test="isFollowing != null">
                is_following = #{isFollowing,jdbcType=INTEGER},
            </if>
            <if test="carId != null">
                car_id = #{carId},
            </if>
            <if test="workStatus != null">
                work_status = #{workStatus},
            </if>
            <if test="headImg != null">
                head_img = #{headImg},
            </if>
            <if test="cityCode != null">
                city_code = #{cityCode},
            </if>
            <if test="bindTime != null">
                bind_time = #{bindTime},
            </if>
            <if test="useStatus != null">
                use_status = #{useStatus},
            </if>
            <if test="csWorkStatus != null">
                cs_work_status = #{csWorkStatus},
            </if>
            <if test="signStatus != null">
                sign_status = #{signStatus},
            </if>
            <if test="tags != null">
                tags = #{tags},
            </if>
            <if test="updateTime != null">
                update_time = #{updateTime},
            </if>
        </set>
        where phone_number = #{phoneNumber}
    </update>
    <!-- 根据司机电话查询司机 -->
    <select id="queryDriverInfoByPhoneNum" parameterType="String" resultMap="BaseResultMap">
        select
        <include refid="Base_Column_List"/>
        from tbl_driver_info where phone_number = #{phoneNumber,jdbcType=VARCHAR}
    </select>
    <!-- 根据车辆id查询司机 -->
    <select id="queryDriverInfoByCarId" parameterType="java.lang.Integer" resultMap="BaseResultMap">
        select
        <include refid="Base_Column_List"/>
        from tbl_driver_info where car_id = #{carId,jdbcType=INTEGER}
    </select>
</mapper>
