<?xml version="1.0" encoding="UTF-8" ?>
<!DOCTYPE mapper PUBLIC "-//mybatis.org//DTD Mapper 3.0//EN" "http://mybatis.org/dtd/mybatis-3-mapper.dtd" >
<mapper namespace="com.online.taxi.mapper.PassengerInfoMapper" >
  <resultMap id="BaseResultMap" type="com.online.taxi.entity.PassengerInfo" >
    <!--
      WARNING - @mbggenerated
      This element is automatically generated by MyBatis Generator, do not modify.
    -->
    <id column="id" property="id" jdbcType="INTEGER" />
    <result column="phone" property="phone" jdbcType="VARCHAR" />
    <result column="educatioan" property="educatioan" jdbcType="VARCHAR" />
    <result column="birthday" property="birthday" jdbcType="DATE" />
    <result column="passenger_name" property="passengerName" jdbcType="VARCHAR" />
    <result column="register_time" property="registerTime" jdbcType="TIMESTAMP" />
    <result column="balance" property="balance" jdbcType="DECIMAL" />
    <result column="gender" property="gender" jdbcType="TINYINT" />
    <result column="head_img" property="headImg" jdbcType="VARCHAR" />
    <result column="passenger_type" property="passengerType" jdbcType="TINYINT" />
    <result column="user_level" property="userLevel" jdbcType="TINYINT" />
    <result column="register_type" property="registerType" jdbcType="SMALLINT" />
    <result column="last_login_time" property="lastLoginTime" jdbcType="TIMESTAMP" />
    <result column="last_login_method" property="lastLoginMethod" jdbcType="TINYINT" />
    <result column="last_login_screen_time" property="lastLoginScreenTime" jdbcType="TIMESTAMP" />
    <result column="last_login_screen_method" property="lastLoginScreenMethod" jdbcType="CHAR" />
    <result column="last_order_time" property="lastOrderTime" jdbcType="TIMESTAMP" />
    <result column="create_time" property="createTime" jdbcType="TIMESTAMP" />
    <result column="update_time" property="updateTime" jdbcType="TIMESTAMP" />

    <result column="is_contact" property="isContact" jdbcType="TINYINT" />
    <result column="is_share" property="isShare" jdbcType="TINYINT" />
    <result column="sharing_time" property="sharingTime" jdbcType="VARCHAR" />

  </resultMap>

  <sql id="Base_Column_List" >
    <!--
      WARNING - @mbggenerated
      This element is automatically generated by MyBatis Generator, do not modify.
    -->
    id, phone, educatioan, birthday, passenger_name, register_time, balance, gender,
    head_img, passenger_type, user_level, register_type, last_login_time, last_login_method,
    last_login_screen_time, last_login_screen_method, last_order_time, create_time, update_time,
    is_contact,is_share,sharing_time
  </sql>
  <select id="selectByPrimaryKey"   resultMap="BaseResultMap"  parameterType="java.lang.Integer" >
    <!--
      WARNING - @mbggenerated
      This element is automatically generated by MyBatis Generator, do not modify.
    -->
    select
    <include refid="Base_Column_List" />
    from tbl_passenger_info
    where id = #{id,jdbcType=INTEGER}
  </select>
  <select id="selectByPrimaryKeyList"   parameterType="java.util.List" resultMap="BaseResultMap">
    select
    <include refid="Base_Column_List" />
    from tbl_passenger_info
  </select>
  <delete id="deleteByPrimaryKey" parameterType="java.lang.Integer" >
    <!--
      WARNING - @mbggenerated
      This element is automatically generated by MyBatis Generator, do not modify.
    -->
    delete from tbl_passenger_info
    where id = #{id,jdbcType=INTEGER}
  </delete>
  <insert id="insert" parameterType="com.online.taxi.entity.PassengerInfo" useGeneratedKeys="true" keyProperty="id" >
    <!--
      WARNING - @mbggenerated
      This element is automatically generated by MyBatis Generator, do not modify.
    -->
    insert into tbl_passenger_info (phone, educatioan, birthday,
      passenger_name, register_time, balance,
      gender, head_img, passenger_type,
      user_level, register_type, last_login_time,
      last_login_method, last_login_screen_time,
      last_login_screen_method, last_order_time, create_time,
      update_time,is_contact,is_share,sharing_time)
    values (#{phone,jdbcType=VARCHAR}, #{educatioan,jdbcType=VARCHAR}, #{birthday,jdbcType=DATE},
      #{passengerName,jdbcType=VARCHAR}, #{registerTime,jdbcType=TIMESTAMP}, #{balance,jdbcType=DECIMAL},
      #{gender,jdbcType=TINYINT}, #{headImg,jdbcType=VARCHAR}, #{passengerType,jdbcType=TINYINT},
      #{userLevel,jdbcType=TINYINT}, #{registerType,jdbcType=SMALLINT}, #{lastLoginTime,jdbcType=TIMESTAMP},
      #{lastLoginMethod,jdbcType=TINYINT}, #{lastLoginScreenTime,jdbcType=TIMESTAMP},
      #{lastLoginScreenMethod,jdbcType=CHAR}, #{lastOrderTime,jdbcType=TIMESTAMP}, #{createTime,jdbcType=TIMESTAMP},
      #{updateTime,jdbcType=TIMESTAMP},#{isContact},#{isShare},#{sharingTime})

  </insert>
  <insert id="insertSelective" parameterType="com.online.taxi.entity.PassengerInfo" useGeneratedKeys="true" keyProperty="id" >
    <!--
      WARNING - @mbggenerated
      This element is automatically generated by MyBatis Generator, do not modify.
    -->
    insert into tbl_passenger_info
    <trim prefix="(" suffix=")" suffixOverrides="," >
      <if test="phone != null" >
        phone,
      </if>
      <if test="educatioan != null" >
        educatioan,
      </if>
      <if test="birthday != null" >
        birthday,
      </if>
      <if test="passengerName != null" >
        passenger_name,
      </if>
      <if test="registerTime != null" >
        register_time,
      </if>
      <if test="balance != null" >
        balance,
      </if>
      <if test="gender != null" >
        gender,
      </if>
      <if test="headImg != null" >
        head_img,
      </if>
      <if test="passengerType != null" >
        passenger_type,
      </if>
      <if test="userLevel != null" >
        user_level,
      </if>
      <if test="registerType != null" >
        register_type,
      </if>
      <if test="lastLoginTime != null" >
        last_login_time,
      </if>
      <if test="lastLoginMethod != null" >
        last_login_method,
      </if>
      <if test="lastLoginScreenTime != null" >
        last_login_screen_time,
      </if>
      <if test="lastLoginScreenMethod != null" >
        last_login_screen_method,
      </if>
      <if test="lastOrderTime != null" >
        last_order_time,
      </if>
      <if test="createTime != null" >
        create_time,
      </if>
      <if test="updateTime != null" >
        update_time,
      </if>
      <if test="isContact != null" >
        is_contact,
      </if>
      <if test="isShare != null" >
        is_share,
      </if>
      <if test="sharingTime != null" >
        sharing_time,
      </if>


    </trim>
    <trim prefix="values (" suffix=")" suffixOverrides="," >
      <if test="phone != null" >
        #{phone,jdbcType=VARCHAR},
      </if>
      <if test="educatioan != null" >
        #{educatioan,jdbcType=VARCHAR},
      </if>
      <if test="birthday != null" >
        #{birthday,jdbcType=DATE},
      </if>
      <if test="passengerName != null" >
        #{passengerName,jdbcType=VARCHAR},
      </if>
      <if test="registerTime != null" >
        #{registerTime,jdbcType=TIMESTAMP},
      </if>
      <if test="balance != null" >
        #{balance,jdbcType=DECIMAL},
      </if>
      <if test="gender != null" >
        #{gender,jdbcType=TINYINT},
      </if>
      <if test="headImg != null" >
        #{headImg,jdbcType=VARCHAR},
      </if>
      <if test="passengerType != null" >
        #{passengerType,jdbcType=TINYINT},
      </if>
      <if test="userLevel != null" >
        #{userLevel,jdbcType=TINYINT},
      </if>
      <if test="registerType != null" >
        #{registerType,jdbcType=SMALLINT},
      </if>
      <if test="lastLoginTime != null" >
        #{lastLoginTime,jdbcType=TIMESTAMP},
      </if>
      <if test="lastLoginMethod != null" >
        #{lastLoginMethod,jdbcType=TINYINT},
      </if>
      <if test="lastLoginScreenTime != null" >
        #{lastLoginScreenTime,jdbcType=TIMESTAMP},
      </if>
      <if test="lastLoginScreenMethod != null" >
        #{lastLoginScreenMethod,jdbcType=CHAR},
      </if>
      <if test="lastOrderTime != null" >
        #{lastOrderTime,jdbcType=TIMESTAMP},
      </if>
      <if test="createTime != null" >
        #{createTime,jdbcType=TIMESTAMP},
      </if>
      <if test="updateTime != null" >
        #{updateTime,jdbcType=TIMESTAMP},
      </if>
      <if test="isContact != null" >
        #{isContact},
      </if>
      <if test="isShare != null" >
        #{isShare},
      </if>
      <if test="sharingTime != null" >
        #{sharingTime},
      </if>


    </trim>
  </insert>
  <update id="updateByPrimaryKeySelective" parameterType="com.online.taxi.entity.PassengerInfo" >
    <!--
      WARNING - @mbggenerated
      This element is automatically generated by MyBatis Generator, do not modify.
    -->
    update tbl_passenger_info
    <set >
      <if test="phone != null" >
        phone = #{phone,jdbcType=VARCHAR},
      </if>
      <if test="educatioan != null" >
        educatioan = #{educatioan,jdbcType=VARCHAR},
      </if>
      <if test="birthday != null" >
        birthday = #{birthday,jdbcType=DATE},
      </if>
      <if test="passengerName != null" >
        passenger_name = #{passengerName,jdbcType=VARCHAR},
      </if>
      <if test="registerTime != null" >
        register_time = #{registerTime,jdbcType=TIMESTAMP},
      </if>
      <if test="balance != null" >
        balance = #{balance,jdbcType=DECIMAL},
      </if>
      <if test="gender != null" >
        gender = #{gender,jdbcType=TINYINT},
      </if>
      <if test="headImg != null" >
        head_img = #{headImg,jdbcType=VARCHAR},
      </if>
      <if test="passengerType != null" >
        passenger_type = #{passengerType,jdbcType=TINYINT},
      </if>
      <if test="userLevel != null" >
        user_level = #{userLevel,jdbcType=TINYINT},
      </if>
      <if test="registerType != null" >
        register_type = #{registerType,jdbcType=SMALLINT},
      </if>
      <if test="lastLoginTime != null" >
        last_login_time = #{lastLoginTime,jdbcType=TIMESTAMP},
      </if>
      <if test="lastLoginMethod != null" >
        last_login_method = #{lastLoginMethod,jdbcType=TINYINT},
      </if>
      <if test="lastLoginScreenTime != null" >
        last_login_screen_time = #{lastLoginScreenTime,jdbcType=TIMESTAMP},
      </if>
      <if test="lastLoginScreenMethod != null" >
        last_login_screen_method = #{lastLoginScreenMethod,jdbcType=CHAR},
      </if>
      <if test="lastOrderTime != null" >
        last_order_time = #{lastOrderTime,jdbcType=TIMESTAMP},
      </if>
      <if test="createTime != null" >
        create_time = #{createTime,jdbcType=TIMESTAMP},
      </if>
      <if test="updateTime != null" >
        update_time = #{updateTime,jdbcType=TIMESTAMP},
      </if>
      <if test="isContact != null" >
        is_contact = #{isContact},
      </if>
      <if test="isShare != null" >
        is_share = #{isShare},
      </if>
      <if test="sharingTime != null" >
        sharing_time = #{sharingTime},
      </if>


    </set>
    where id = #{id,jdbcType=INTEGER}
  </update>
  <update id="updateByPrimaryKey" parameterType="com.online.taxi.entity.PassengerInfo" >
    <!--
      WARNING - @mbggenerated
      This element is automatically generated by MyBatis Generator, do not modify.
    -->
    update tbl_passenger_info
    set phone = #{phone,jdbcType=VARCHAR},
      educatioan = #{educatioan,jdbcType=VARCHAR},
      birthday = #{birthday,jdbcType=DATE},
      passenger_name = #{passengerName,jdbcType=VARCHAR},
      register_time = #{registerTime,jdbcType=TIMESTAMP},
      balance = #{balance,jdbcType=DECIMAL},
      gender = #{gender,jdbcType=TINYINT},
      head_img = #{headImg,jdbcType=VARCHAR},
      passenger_type = #{passengerType,jdbcType=TINYINT},
      user_level = #{userLevel,jdbcType=TINYINT},
      register_type = #{registerType,jdbcType=SMALLINT},
      last_login_time = #{lastLoginTime,jdbcType=TIMESTAMP},
      last_login_method = #{lastLoginMethod,jdbcType=TINYINT},
      last_login_screen_time = #{lastLoginScreenTime,jdbcType=TIMESTAMP},
      last_login_screen_method = #{lastLoginScreenMethod,jdbcType=CHAR},
      last_order_time = #{lastOrderTime,jdbcType=TIMESTAMP},
      create_time = #{createTime,jdbcType=TIMESTAMP},
      update_time = #{updateTime,jdbcType=TIMESTAMP},
      is_contact = #{isContact},
      is_share = #{isShare},
      sharing_time = #{sharingTime}

    where id = #{id,jdbcType=INTEGER}
  </update>
  <select id="queryPassengerInfoByPhoneNum" parameterType="String" resultMap="BaseResultMap">
    select <include refid="Base_Column_List" /> from tbl_passenger_info
    where phone = #{phone,jdbcType=VARCHAR}
  </select>

  <update id="updatePassengerBalance" parameterType="java.util.Map">
        update tbl_passenger_info
        set balance=#{newBalance}
        where id=#{passengerId} and balance=#{oldBalance}
    </update>

  <update id="updatePassengerInfoLoginTime" parameterType="com.online.taxi.entity.PassengerInfo">
        update tbl_passenger_info
        set last_login_time = now()
        where id = #{id,jdbcType=INTEGER}
    </update>
</mapper>
