<?xml version="1.0" encoding="UTF-8" ?>
<!DOCTYPE mapper PUBLIC "-//mybatis.org//DTD Mapper 3.0//EN" "http://mybatis.org/dtd/mybatis-3-mapper.dtd" >
<mapper namespace="com.online.taxi.mapper.PassengerRegisterSourceMapper" >
  <resultMap id="BaseResultMap" type="com.online.taxi.entity.PassengerRegisterSource" >
    <!--
      WARNING - @mbggenerated
      This element is automatically generated by MyBatis Generator, do not modify.
    -->
    <id column="id" property="id" jdbcType="INTEGER" />
    <result column="passenger_info_id" property="passengerInfoId" jdbcType="INTEGER" />
    <result column="register_source" property="registerSource" jdbcType="VARCHAR" />
    <result column="market_channel" property="marketChannel" jdbcType="VARCHAR"/>
    <result column="create_time" property="createTime" jdbcType="TIMESTAMP" />
    <result column="update_time" property="updateTime" jdbcType="TIMESTAMP" />
  </resultMap>
  <sql id="Base_Column_List" >
    <!--
      WARNING - @mbggenerated
      This element is automatically generated by MyBatis Generator, do not modify.
    -->
    id, passenger_info_id, register_source, market_channel,create_time, update_time
  </sql>
  <select id="selectByPrimaryKey" resultMap="BaseResultMap" parameterType="java.lang.Integer" >
    <!--
      WARNING - @mbggenerated
      This element is automatically generated by MyBatis Generator, do not modify.
    -->
    select 
    <include refid="Base_Column_List" />
    from tbl_passenger_register_source
    where id = #{id,jdbcType=INTEGER}
  </select>
  <delete id="deleteByPrimaryKey" parameterType="java.lang.Integer" >
    <!--
      WARNING - @mbggenerated
      This element is automatically generated by MyBatis Generator, do not modify.
    -->
    delete from tbl_passenger_register_source
    where id = #{id,jdbcType=INTEGER}
  </delete>
  <insert id="insert" parameterType="com.online.taxi.entity.PassengerRegisterSource" useGeneratedKeys="true" keyProperty="id" >
    <!--
      WARNING - @mbggenerated
      This element is automatically generated by MyBatis Generator, do not modify.
    -->
    insert into tbl_passenger_register_source (passenger_info_id, register_source, market_channel,
      create_time, update_time)
    values (#{passengerInfoId,jdbcType=INTEGER}, #{registerSource,jdbcType=VARCHAR}, #{marketChannel,jdbcType=VARCHAR},
    #{createTime,jdbcType=TIMESTAMP}, #{updateTime,jdbcType=TIMESTAMP})
  </insert>

  <insert id="insertSelective" parameterType="com.online.taxi.entity.PassengerRegisterSource" useGeneratedKeys="true" keyProperty="id" >
    <!--
      WARNING - @mbggenerated
      This element is automatically generated by MyBatis Generator, do not modify.
    -->
    insert into tbl_passenger_register_source
    <trim prefix="(" suffix=")" suffixOverrides="," >
      <if test="passengerInfoId != null" >
        passenger_info_id,
      </if>
      <if test="registerSource != null" >
        register_source,
      </if>
      <if test="marketChannel != null">
        market_channel,
      </if>
      <if test="createTime != null" >
        create_time,
      </if>
      <if test="updateTime != null" >
        update_time,
      </if>
    </trim>
    <trim prefix="values (" suffix=")" suffixOverrides="," >
      <if test="passengerInfoId != null" >
        #{passengerInfoId,jdbcType=INTEGER},
      </if>
      <if test="registerSource != null" >
        #{registerSource,jdbcType=VARCHAR},
      </if>
      <if test="marketChannel != null">
        #{marketChannel,jdbcType=VARCHAR},
      </if>
      <if test="createTime != null" >
        #{createTime,jdbcType=TIMESTAMP},
      </if>
      <if test="updateTime != null" >
        #{updateTime,jdbcType=TIMESTAMP},
      </if>
    </trim>
  </insert>

  <update id="updateByPrimaryKeySelective" parameterType="com.online.taxi.entity.PassengerRegisterSource" >
    <!--
      WARNING - @mbggenerated
      This element is automatically generated by MyBatis Generator, do not modify.
    -->
    update tbl_passenger_register_source
    <set >
      <if test="passengerInfoId != null" >
        passenger_info_id = #{passengerInfoId,jdbcType=INTEGER},
      </if>
      <if test="registerSource != null" >
        register_source = #{registerSource,jdbcType=VARCHAR},
      </if>
      <if test="marketChannel != null">
        market_channel = #{marketChannel,jdbcType=VARCHAR},
      </if>
      market_channel
      <if test="createTime != null" >
        create_time = #{createTime,jdbcType=TIMESTAMP},
      </if>
      <if test="updateTime != null" >
        update_time = #{updateTime,jdbcType=TIMESTAMP},
      </if>
    </set>
    where id = #{id,jdbcType=INTEGER}
  </update>
  <update id="updateByPrimaryKey" parameterType="com.online.taxi.entity.PassengerRegisterSource" >
    <!--
      WARNING - @mbggenerated
      This element is automatically generated by MyBatis Generator, do not modify.
    -->
    update tbl_passenger_register_source
    set passenger_info_id = #{passengerInfoId,jdbcType=INTEGER},
      register_source = #{registerSource,jdbcType=VARCHAR},
    market_channel = #{marketChannel,jdbcType=VARCHAR},
      create_time = #{createTime,jdbcType=TIMESTAMP},
      update_time = #{updateTime,jdbcType=TIMESTAMP}
    where id = #{id,jdbcType=INTEGER}
  </update>

</mapper>