<?xml version="1.0" encoding="UTF-8" ?>
<!DOCTYPE mapper PUBLIC "-//mybatis.org//DTD Mapper 3.0//EN" "http://mybatis.org/dtd/mybatis-3-mapper.dtd" >
<mapper namespace="com.online.taxi.mapper.DriverRateMapper" >
  <resultMap id="BaseResultMap" type="com.online.taxi.entity.DriverRate" >
    <!--
      WARNING - @mbggenerated
      This element is automatically generated by MyBatis Generator, do not modify.
    -->
    <id column="id" property="id" jdbcType="INTEGER" />
    <result column="driver_id" property="driverId" jdbcType="INTEGER" />
    <result column="grade" property="grade" jdbcType="INTEGER" />
    <result column="test_date" property="testDate" jdbcType="TIMESTAMP" />
    <result column="test_department" property="testDepartment" jdbcType="VARCHAR" />
    <result column="create_time" property="createTime" jdbcType="TIMESTAMP" />
    <result column="update_time" property="updateTime" jdbcType="TIMESTAMP" />
  </resultMap>
  <sql id="Base_Column_List" >
    <!--
      WARNING - @mbggenerated
      This element is automatically generated by MyBatis Generator, do not modify.
    -->
    id, driver_id, grade, test_date, test_department, create_time, update_time
  </sql>
  <select id="selectByPrimaryKey" resultMap="BaseResultMap" parameterType="java.lang.Integer" >
    <!--
      WARNING - @mbggenerated
      This element is automatically generated by MyBatis Generator, do not modify.
    -->
    select 
    <include refid="Base_Column_List" />
    from tbl_driver_rate
    where id = #{id,jdbcType=INTEGER}
  </select>
  <delete id="deleteByPrimaryKey" parameterType="java.lang.Integer" >
    <!--
      WARNING - @mbggenerated
      This element is automatically generated by MyBatis Generator, do not modify.
    -->
    delete from tbl_driver_rate
    where id = #{id,jdbcType=INTEGER}
  </delete>
  <insert id="insert" parameterType="com.online.taxi.entity.DriverRate" useGeneratedKeys="true" keyProperty="id" >
    <!--
      WARNING - @mbggenerated
      This element is automatically generated by MyBatis Generator, do not modify.
    -->
    insert into tbl_driver_rate (driver_id, grade, test_date, 
      test_department, create_time, update_time
      )
    values (#{driverId,jdbcType=INTEGER}, #{grade,jdbcType=INTEGER}, #{testDate,jdbcType=TIMESTAMP}, 
      #{testDepartment,jdbcType=VARCHAR}, #{createTime,jdbcType=TIMESTAMP}, #{updateTime,jdbcType=TIMESTAMP}
      )
  </insert>
  <insert id="insertSelective" parameterType="com.online.taxi.entity.DriverRate" useGeneratedKeys="true" keyProperty="id" >
    <!--
      WARNING - @mbggenerated
      This element is automatically generated by MyBatis Generator, do not modify.
    -->
    insert into tbl_driver_rate
    <trim prefix="(" suffix=")" suffixOverrides="," >
      <if test="driverId != null" >
        driver_id,
      </if>
      <if test="grade != null" >
        grade,
      </if>
      <if test="testDate != null" >
        test_date,
      </if>
      <if test="testDepartment != null" >
        test_department,
      </if>
      <if test="createTime != null" >
        create_time,
      </if>
      <if test="updateTime != null" >
        update_time,
      </if>
    </trim>
    <trim prefix="values (" suffix=")" suffixOverrides="," >
      <if test="driverId != null" >
        #{driverId,jdbcType=INTEGER},
      </if>
      <if test="grade != null" >
        #{grade,jdbcType=INTEGER},
      </if>
      <if test="testDate != null" >
        #{testDate,jdbcType=TIMESTAMP},
      </if>
      <if test="testDepartment != null" >
        #{testDepartment,jdbcType=VARCHAR},
      </if>
      <if test="createTime != null" >
        #{createTime,jdbcType=TIMESTAMP},
      </if>
      <if test="updateTime != null" >
        #{updateTime,jdbcType=TIMESTAMP},
      </if>
    </trim>
  </insert>
  <update id="updateByPrimaryKeySelective" parameterType="com.online.taxi.entity.DriverRate" >
    <!--
      WARNING - @mbggenerated
      This element is automatically generated by MyBatis Generator, do not modify.
    -->
    update tbl_driver_rate
    <set >
      <if test="driverId != null" >
        driver_id = #{driverId,jdbcType=INTEGER},
      </if>
      <if test="grade != null" >
        grade = #{grade,jdbcType=INTEGER},
      </if>
      <if test="testDate != null" >
        test_date = #{testDate,jdbcType=TIMESTAMP},
      </if>
      <if test="testDepartment != null" >
        test_department = #{testDepartment,jdbcType=VARCHAR},
      </if>
      <if test="createTime != null" >
        create_time = #{createTime,jdbcType=TIMESTAMP},
      </if>
      <if test="updateTime != null" >
        update_time = #{updateTime,jdbcType=TIMESTAMP},
      </if>
    </set>
    where id = #{id,jdbcType=INTEGER}
  </update>
  <update id="updateByPrimaryKey" parameterType="com.online.taxi.entity.DriverRate" >
    <!--
      WARNING - @mbggenerated
      This element is automatically generated by MyBatis Generator, do not modify.
    -->
    update tbl_driver_rate
    set driver_id = #{driverId,jdbcType=INTEGER},
      grade = #{grade,jdbcType=INTEGER},
      test_date = #{testDate,jdbcType=TIMESTAMP},
      test_department = #{testDepartment,jdbcType=VARCHAR},
      create_time = #{createTime,jdbcType=TIMESTAMP},
      update_time = #{updateTime,jdbcType=TIMESTAMP}
    where id = #{id,jdbcType=INTEGER}
  </update>
</mapper>