<?xml version="1.0" encoding="UTF-8" ?>
<!DOCTYPE mapper PUBLIC "-//mybatis.org//DTD Mapper 3.0//EN" "http://mybatis.org/dtd/mybatis-3-mapper.dtd" >
<mapper namespace="com.online.taxi.mapper.DriverOrderMessageStatisticalMapper">
    <resultMap id="BaseResultMap" type="com.online.taxi.entity.DriverOrderMessageStatistical">
        <id column="id" property="id" jdbcType="INTEGER"/>
        <result column="driver_id" property="driverId" jdbcType="INTEGER"/>
        <result column="driving_licence_number" property="drivingLicenceNumber" jdbcType="VARCHAR"/>
        <result column="cycle" property="cycle" jdbcType="VARCHAR"/>
        <result column="order_count" property="orderCount" jdbcType="INTEGER"/>
        <result column="traffic_violations_count" property="trafficViolationsCount" jdbcType="INTEGER"/>
        <result column="complained_count" property="complainedCount" jdbcType="INTEGER"/>
    </resultMap>
    <sql id="Base_Column_List">
        <!--
          WARNING - @mbggenerated
          This element is automatically generated by MyBatis Generator, do not modify.
        -->
        id, driver_id, driving_licence_number, cycle, order_count, traffic_violations_count,
        complained_count
    </sql>

    <select id="selectByPrimaryKey" resultMap="BaseResultMap" parameterType="java.lang.Integer">
        <!--
          WARNING - @mbggenerated
          This element is automatically generated by MyBatis Generator, do not modify.
        -->
        select
        <include refid="Base_Column_List"/>
        from tbl_driver_order_message_statistical
        where id = #{id,jdbcType=INTEGER}
    </select>

    <insert id="insertSelective" parameterType="com.online.taxi.entity.DriverOrderMessageStatistical"
            useGeneratedKeys="true" keyProperty="id">
        insert into tbl_driver_order_message_statistical
        <trim prefix="(" suffix=")" suffixOverrides=",">
            <if test="driverId != null">
                driver_id,
            </if>
            <if test="drivingLicenceNumber != null">
                driving_licence_number,
            </if>
            <if test="cycle != null">
                cycle,
            </if>
            <if test="orderCount != null">
                order_count,
            </if>
            <if test="trafficViolationsCount != null">
                traffic_violations_count,
            </if>
            <if test="complainedCount != null">
                complained_count,
            </if>
        </trim>
        <trim prefix="values (" suffix=")" suffixOverrides=",">
            <if test="driverId != null">
                #{driverId,jdbcType=INTEGER},
            </if>
            <if test="drivingLicenceNumber != null">
                #{drivingLicenceNumber,jdbcType=VARCHAR},
            </if>
            <if test="cycle != null">
                #{cycle,jdbcType=VARCHAR},
            </if>
            <if test="orderCount != null">
                #{orderCount,jdbcType=INTEGER},
            </if>
            <if test="trafficViolationsCount != null">
                #{trafficViolationsCount,jdbcType=INTEGER},
            </if>
            <if test="complainedCount != null">
                #{complainedCount,jdbcType=INTEGER},
            </if>
        </trim>
    </insert>
</mapper>
